wave,depth
3500.3331,0.834
3500.5647,0.674
3500.832,0.358
3500.84,0.631
3500.843,0.405
3500.847,0.786
3500.854,0.831
3501.5678,0.234
3501.717,0.731
3502.2802,0.802
3502.5922,0.524
3502.5948,0.673
3502.6216,0.599
3503.467,0.686
3504.216,0.191
3504.4357,0.747
3504.4499,0.332
3504.8605,0.627
3504.8908,0.893
3505.0581,0.66
3505.482,0.396
3505.666,0.718
3505.8922,0.491
3506.229,0.328
3506.3128,0.779
3506.4974,0.737
3506.5801,0.438
3507.1393,0.534
3507.3949,0.673
3507.692,0.426
3507.694,0.613
3507.7817,0.317
3508.2043,0.672
3508.4738,0.686
3508.5179,0.621
3509.1178,0.304
3509.7251,0.374
3509.8357,0.731
3509.841,0.732
3509.8616,0.551
3510.1841,0.307
3510.33,0.627
3510.333,0.749
3510.334,0.654
3510.335,0.845
3510.336,0.876
3510.419,0.616
3510.4388,0.661
3510.455,0.258
3510.5664,0.334
3510.8399,0.887
3511.6166,0.187
3511.7377,0.262
3511.824,0.802
3511.8683,0.332
3511.9163,0.218
3512.2244,0.573
3512.631,0.153
3512.6402,0.759
3512.8027,0.244
3512.9552,0.539
3513.0428,0.209
3513.0531,0.584
3513.4797,0.717
3513.5908,0.156
3513.8174,0.868
3513.929,0.735
3513.932,0.651
3513.935,0.265
3513.9866,0.814
3514.6272,0.512
3515.051,0.743
3515.052,0.906
3515.052,0.885
3515.052,0.756
3515.052,0.816
3516.214,0.606
3516.4085,0.602
3516.5564,0.646
3517.0257,0.157
3517.2994,0.821
3517.4856,0.16
3518.3478,0.726
3518.6343,0.6
3518.6826,0.555
3518.8676,0.596
3519.746,0.234
3519.753,0.523
3519.757,0.271
3519.761,0.748
3519.768,0.8
3520.0075,0.3
3520.019,0.662
3520.0229,0.445
3520.0803,0.6
3520.252,0.832
3520.8462,0.508
3520.874,0.164
3521.2609,0.875
3521.5663,0.709
3521.6218,0.393
3521.834,0.311
3521.8368,0.695
3522.2679,0.689
3522.8976,0.609
3523.069,0.153
3523.1744,0.265
3523.3084,0.636
3523.4331,0.702
3523.4397,0.683
3523.4442,0.547
3523.4487,0.159
3523.5473,0.355
3523.7015,0.209
3523.98,0.228
3524.0409,0.697
3524.0739,0.683
3524.2393,0.733
3524.531,0.778
3524.534,0.841
3524.535,0.789
3524.536,0.898
3524.537,0.915
3524.716,0.695
3524.8336,0.211
3525.807,0.385
3526.0405,0.873
3526.1248,0.151
3526.1655,0.852
3526.2378,0.746
3526.3811,0.777
3526.4245,0.501
3526.467,0.765
3526.5348,0.295
3526.6745,0.771
3526.6828,0.614
3526.7255,0.275
3526.8495,0.762
3526.961,0.303
3527.7925,0.759
3527.8906,0.46
3527.969,0.192
3527.976,0.586
3527.983,0.7
3528.8869,0.268
3529.0326,0.694
3529.523,0.384
3529.8079,0.772
3529.8195,0.764
3529.99,0.151
3530.3866,0.697
3530.5906,0.532
3530.772,0.787
3531.4372,0.526
3531.4904,0.161
3531.71,0.639
3531.8383,0.591
3531.8498,0.217
3531.9999,0.649
3532.1111,0.652
3532.5689,0.595
3533.0063,0.768
3533.1981,0.79
3533.3584,0.659
3533.8542,0.627
3534.5247,0.385
3534.6773,0.22
3534.905,0.329
3534.96,0.192
3535.3178,0.212
3535.4073,0.848
3535.625,0.375
3535.714,0.818
3536.02,0.273
3536.5559,0.812
3536.943,0.178
3537.4916,0.621
3537.6588,0.195
3537.7286,0.696
3537.8946,0.72
3538.2387,0.405
3538.2514,0.263
3538.3056,0.576
3538.52,0.229
3538.5542,0.472
3538.782,0.214
3540.0964,0.342
3540.1208,0.71
3540.7091,0.718
3540.7999,0.324
3541.0831,0.825
3542.0752,0.82
3542.2434,0.599
3542.2799,0.155
3542.639,0.504
3543.2588,0.179
3543.3844,0.506
3543.6749,0.631
3544.2433,0.263
3544.5962,0.502
3544.6295,0.586
3545.0201,0.224
3545.1959,0.811
3545.5274,0.167
3545.6397,0.754
3545.79,0.206
3545.8297,0.408
3546.204,0.266
3547.1599,0.619
3547.1937,0.622
3547.222,0.382
3547.7649,0.374
3547.7979,0.681
3547.8989,0.692
3547.9514,0.16
3548.019,0.593
3548.0202,0.664
3548.1749,0.34
3548.1818,0.581
3548.183,0.791
3548.183,0.737
3548.183,0.247
3548.183,0.495
3548.183,0.213
3549.0027,0.765
3549.2322,0.266
3549.2927,0.194
3549.359,0.212
3549.508,0.167
3549.8643,0.558
3550.22,0.155
3550.5938,0.464
3550.6271,0.317
3551.109,0.182
3551.529,0.389
3551.534,0.583
3551.951,0.733
3552.1054,0.542
3552.4249,0.182
3552.7448,0.354
3552.828,0.708
3552.8298,0.404
3552.8547,0.489
3552.9383,0.155
3553.4785,0.477
3553.4826,0.271
3553.7381,0.76
3554.0085,0.311
3554.071,0.152
3554.1178,0.751
3554.4413,0.35
3554.5013,0.668
3554.6428,0.383
3554.9241,0.847
3555.4491,0.392
3556.594,0.751
3556.6804,0.593
3556.7999,0.836
3556.8777,0.796
3558.4104,0.224
3558.5148,0.887
3558.532,0.859
3558.6204,0.42
3559.1656,0.195
3559.449,0.497
3559.5032,0.647
3559.9205,0.325
3560.0675,0.234
3560.3393,0.232
3560.5897,0.536
3560.6968,0.619
3560.8926,0.62
3561.105,0.412
3561.5755,0.763
3561.7464,0.214
3561.7489,0.609
3561.7515,0.71
3561.893,0.523
3561.8936,0.641
3562.2583,0.297
3562.5934,0.28
3563.704,0.194
3564.1084,0.398
3564.5148,0.364
3564.5356,0.582
3564.5567,0.463
3564.7846,0.168
3564.9511,0.559
3565.2936,0.654
3565.3787,0.91
3565.415,0.19
3565.5736,0.571
3565.5815,0.743
3565.8267,0.339
3565.9669,0.749
3565.967,0.696
3566.0604,0.238
3566.1049,0.471
3566.1521,0.448
3566.1777,0.669
3566.3083,0.617
3566.371,0.674
3566.372,0.882
3566.372,0.854
3566.372,0.692
3566.372,0.768
3566.58,0.343
3567.0311,0.68
3567.3682,0.452
3567.5468,0.188
3567.696,0.85
3567.7383,0.408
3568.4324,0.545
3568.8227,0.62
3568.974,0.682
3569.0723,0.202
3569.376,0.773
3569.4949,0.718
3569.808,0.638
3570.0097,0.659
3570.0303,0.401
3570.0974,0.919
3570.254,0.864
3571.2236,0.57
3571.844,0.405
3571.852,0.649
3571.856,0.451
3571.86,0.789
3571.867,0.832
3571.9949,0.778
3572.468,0.814
3572.526,0.905
3572.5903,0.627
3572.74,0.318
3573.0518,0.511
3573.055,0.352
3573.3936,0.629
3573.5692,0.249
3573.637,0.317
3573.6847,0.392
3573.7315,0.834
3573.8288,0.702
3573.8885,0.741
3574.032,0.261
3574.2431,0.347
3574.3393,0.506
3574.3485,0.245
3574.8,0.278
3574.93,0.261
3574.9645,0.627
3575.113,0.663
3575.245,0.694
3575.359,0.708
3575.3695,0.721
3575.9762,0.656
3575.9842,0.449
3576.24,0.155
3576.34,0.889
3576.758,0.648
3576.7644,0.758
3576.853,0.719
3577.868,0.652
3577.9989,0.329
3578.1871,0.16
3578.211,0.194
3578.3822,0.593
3578.6721,0.607
3578.704,0.876
3579.827,0.29
3580.5329,0.174
3580.9212,0.396
3580.925,0.879
3581.1927,0.925
3581.6465,0.652
3581.8069,0.62
3581.928,0.177
3582.1994,0.724
3582.3183,0.554
3582.5642,0.27
3582.6837,0.357
3583.3245,0.67
3583.33,0.622
3583.5935,0.341
3583.6824,0.541
3583.9014,0.309
3584.1512,0.458
3584.3368,0.531
3584.5155,0.739
3584.6591,0.795
3584.7858,0.698
3584.9574,0.763
3584.961,0.232
3585.1587,0.581
3585.1897,0.586
3585.287,0.855
3585.3186,0.877
3585.492,0.781
3585.5688,0.516
3585.7051,0.854
3586.0044,0.671
3586.0059,0.242
3586.1033,0.767
3586.1126,0.777
3586.5159,0.409
3586.538,0.59
3586.7384,0.671
3586.9843,0.875
3587.1309,0.816
3587.1859,0.733
3587.1938,0.366
3587.2388,0.69
3587.3455,0.178
3587.423,0.66
3587.7521,0.745
3587.9273,0.694
3587.9322,0.582
3587.9369,0.19
3587.974,0.481
3588.314,0.267
3588.5264,0.656
3588.6088,0.732
3588.9172,0.683
3589.1046,0.768
3589.3507,0.187
3589.4516,0.711
3589.6035,0.335
3589.632,0.835
3589.7591,0.804
3590.0834,0.435
3590.474,0.835
3590.6517,0.162
3591.0003,0.302
3591.3467,0.424
3591.3476,0.343
3591.3984,0.628
3591.4831,0.425
3591.7094,0.391
3592.0216,0.807
3592.4702,0.228
3592.6,0.178
3592.6736,0.465
3592.6888,0.205
3592.8872,0.333
3592.8919,0.244
3593.0756,0.562
3593.3227,0.457
3593.333,0.766
3593.502,0.867
3594.632,0.768
3594.6742,0.326
3594.8716,0.663
3595.1089,0.364
3595.3014,0.648
3595.6733,0.185
3595.8637,0.336
3596.0465,0.873
3596.196,0.479
3596.5009,0.322
3597.0207,0.596
3597.0521,0.528
3597.699,0.412
3597.701,0.649
3597.702,0.457
3597.703,0.786
3597.704,0.83
3598.7135,0.152
3598.7173,0.464
3598.9802,0.437
3599.6248,0.665
3600.4732,0.316
3600.7324,0.833
3601.661,0.244
3601.9155,0.778
3602.0816,0.527
3602.0828,0.611
3602.271,0.208
3602.276,0.598
3602.28,0.699
3602.462,0.689
3602.5254,0.714
3602.6976,0.213
3602.7634,0.17
3603.203,0.782
3603.5667,0.333
3603.6147,0.728
3603.6806,0.442
3603.7727,0.8
3603.8175,0.632
3603.8274,0.651
3604.3717,0.549
3604.471,0.377
3604.6971,0.446
3605.2007,0.644
3605.344,0.856
3605.3709,0.46
3605.3999,0.393
3605.4474,0.16
3605.4524,0.796
3605.5003,0.761
3605.9838,0.183
3606.3744,0.216
3606.5334,0.521
3606.5992,0.54
3606.679,0.834
3606.7128,0.172
3606.7815,0.437
3606.8482,0.258
3607.0951,0.175
3607.369,0.169
3607.527,0.522
3608.1415,0.687
3608.4836,0.512
3608.5143,0.382
3608.8091,0.611
3608.8589,0.905
3609.3113,0.72
3609.3161,0.635
3609.3209,0.259
3609.478,0.154
3610.043,0.176
3610.1526,0.166
3610.1589,0.812
3610.2785,0.499
3610.292,0.438
3610.3388,0.213
3610.457,0.433
3610.46,0.658
3610.461,0.476
3610.462,0.791
3610.463,0.833
3610.6946,0.622
3611.0429,0.817
3611.4225,0.228
3611.4822,0.619
3611.6293,0.171
3611.889,0.505
3612.0683,0.733
3612.721,0.236
3612.728,0.52
3612.732,0.278
3612.736,0.736
3612.743,0.789
3612.9189,0.221
3612.9394,0.554
3613.098,0.678
3613.1237,0.485
3613.1448,0.548
3613.1787,0.707
3613.423,0.3
3613.4416,0.585
3613.4436,0.647
3613.445,0.177
3613.6059,0.485
3613.829,0.908
3614.112,0.631
3614.5556,0.432
3614.765,0.69
3614.7718,0.528
3614.8822,0.591
3615.1909,0.419
3615.6623,0.521
3616.1483,0.482
3616.3199,0.417
3616.5652,0.373
3617.1,0.234
3617.256,0.187
3617.3183,0.667
3617.4289,0.27
3617.7859,0.772
3617.9276,0.202
3617.9637,0.309
3618.2987,0.657
3618.3798,0.527
3618.3858,0.711
3618.5965,0.663
3618.62,0.203
3618.7675,0.908
3618.8113,0.26
3618.9312,0.297
3619.2688,0.393
3619.389,0.713
3619.39,0.791
3619.391,0.89
3619.391,0.867
3619.391,0.727
3619.7681,0.404
3619.9287,0.155
3620.2402,0.436
3620.4657,0.637
3620.8806,0.316
3621.1021,0.625
3621.195,0.245
3621.2087,0.401
3621.219,0.62
3621.2644,0.597
3621.4605,0.8
3621.7187,0.594
3621.9975,0.252
3622.0032,0.784
3622.1506,0.171
3622.2617,0.682
3623.1858,0.752
3623.4302,0.469
3623.4461,0.589
3623.773,0.675
3623.7805,0.349
3623.811,0.183
3624.0447,0.375
3624.059,0.41
3624.112,0.465
3624.2799,0.686
3624.3079,0.491
3624.728,0.162
3624.73,0.546
3624.732,0.672
3624.826,0.822
3624.8262,0.845
3624.8852,0.513
3625.1414,0.691
3626.7497,0.295
3627.0562,0.359
3627.7048,0.602
3627.8068,0.546
3628.0915,0.465
3628.5935,0.165
3628.702,0.642
3628.8106,0.2
3629.731,0.251
3629.9003,0.355
3630.02,0.293
3630.3473,0.688
3630.742,0.897
3630.7521,0.578
3630.9781,0.407
3631.0968,0.756
3631.3903,0.252
3631.461,0.794
3631.4629,0.907
3631.671,0.73
3632.0384,0.748
3632.1594,0.253
3632.296,0.417
3632.5553,0.641
3632.9766,0.639
3633.0686,0.626
3633.1212,0.802
3633.488,0.161
3633.8264,0.503
3633.8844,0.363
3633.994,0.154
3634.1886,0.65
3634.3278,0.676
3634.3962,0.504
3634.461,0.315
3634.5185,0.25
3634.6969,0.739
3634.947,0.442
3634.947,0.243
3635.0142,0.532
3635.1852,0.563
3635.3401,0.703
3635.462,0.679
3635.7461,0.712
3636.1613,0.598
3636.1625,0.231
3636.2235,0.64
3636.2973,0.281
3636.444,0.198
3636.4806,0.494
3636.587,0.33
3636.6489,0.536
3636.7413,0.639
3636.9938,0.617
3637.046,0.325
3637.2482,0.561
3637.7326,0.198
3637.8651,0.645
3638.1568,0.425
3638.2384,0.302
3638.2962,0.757
3639.4442,0.152
3639.5214,0.211
3639.795,0.617
3640.375,0.182
3640.3881,0.788
3641.0238,0.542
3641.328,0.844
3641.3282,0.861
3641.4476,0.201
3641.827,0.436
3642.4377,0.307
3642.6731,0.693
3642.784,0.886
3643.182,0.177
3643.2042,0.584
3643.6229,0.713
3643.7149,0.616
3643.7931,0.537
3643.8125,0.314
3643.9423,0.202
3644.4129,0.633
3644.5834,0.229
3644.6898,0.585
3644.7678,0.399
3644.7946,0.562
3645.0596,0.186
3645.0748,0.603
3645.311,0.844
3645.4,0.354
3645.4743,0.493
3645.4941,0.403
3645.5031,0.635
3645.8199,0.695
3646.195,0.347
3646.1961,0.195
3646.9804,0.694
3647.0851,0.294
3647.3881,0.711
3647.4236,0.824
3647.5564,0.38
3647.6622,0.381
3647.8422,0.946
3647.8426,0.645
3647.9825,0.496
3648.177,0.161
3648.2223,0.396
3648.3436,0.327
3648.53,0.272
3648.7069,0.793
3648.785,0.19
3648.8146,0.471
3648.9195,0.198
3648.993,0.633
3649.0035,0.356
3649.3025,0.846
3649.3332,0.588
3649.3351,0.249
3649.5059,0.883
3649.6878,0.241
3649.8298,0.656
3649.9312,0.152
3650.0294,0.844
3650.0977,0.82
3650.2695,0.633
3650.2787,0.854
3650.3584,0.635
3650.4189,0.697
3650.5349,0.706
3650.9707,0.212
3651.0339,0.281
3651.096,0.651
3651.1888,0.298
3651.4666,0.887
3651.673,0.49
3651.795,0.907
3651.9172,0.598
3652.5434,0.415
3652.656,0.424
3653.052,0.171
3653.3468,0.281
3653.349,0.311
3653.4942,0.833
3653.5004,0.392
3653.7542,0.748
3653.9065,0.538
3653.9686,0.762
3654.5894,0.299
3654.624,0.229
3654.6709,0.325
3654.9972,0.487
3655.3521,0.183
3655.4647,0.819
3655.844,0.197
3656.152,0.231
3656.2095,0.797
3656.224,0.359
3656.26,0.729
3656.349,0.438
3656.742,0.715
3657.1326,0.718
3657.8977,0.737
3658.0185,0.437
3658.0948,0.383
3658.1363,0.686
3658.155,0.163
3658.1605,0.338
3658.5465,0.363
3659.5164,0.844
3659.6439,0.171
3659.7333,0.19
3659.7605,0.902
3660.325,0.427
3660.4,0.221
3660.4005,0.212
3660.4026,0.201
3660.6286,0.248
3660.7718,0.6
3660.921,0.32
3661.35,0.151
3661.3622,0.424
3661.3704,0.349
3661.9428,0.542
3661.9473,0.354
3662.08,0.184
3662.127,0.223
3662.1588,0.457
3662.224,0.209
3662.2325,0.903
3662.621,0.2
3662.8331,0.774
3662.836,0.248
3662.8364,0.735
3663.201,0.537
3663.2615,0.698
3663.3984,0.442
3663.4514,0.744
3663.9605,0.527
3664.076,0.306
3664.086,0.742
3664.095,0.819
3664.1133,0.434
3664.245,0.226
3664.5368,0.787
3664.5376,0.165
3664.608,0.221
3664.6107,0.836
3664.6913,0.494
3664.7258,0.681
3664.9414,0.573
3665.9845,0.704
3666.095,0.175
3666.2415,0.783
3666.2862,0.541
3666.534,0.666
3666.635,0.274
3666.7628,0.353
3666.8072,0.425
3666.94,0.364
3667.2528,0.806
3667.4185,0.288
3667.422,0.174
3667.682,0.192
3667.9779,0.161
3667.9859,0.79
3667.9946,0.673
3668.2095,0.713
3668.2126,0.476
3668.432,0.381
3668.8891,0.364
3668.9632,0.289
3669.1519,0.798
3669.234,0.17
3669.237,0.494
3669.239,0.733
3669.4125,0.585
3669.464,0.215
3669.5207,0.857
3669.6802,0.672
3670.0243,0.802
3670.0883,0.827
3670.411,0.247
3670.421,0.686
3670.43,0.799
3670.618,0.701
3670.8069,0.689
3670.82,0.179
3671.205,0.191
3671.264,0.547
3671.476,0.246
3671.502,0.182
3671.6705,0.376
3671.685,0.523
3672.1156,0.257
3672.31,0.19
3672.458,0.313
3672.7072,0.638
3673.0827,0.756
3673.4179,0.254
3673.485,0.171
3673.6792,0.334
3673.759,0.282
3674.0405,0.429
3674.0602,0.788
3674.0655,0.656
3674.0703,0.221
3674.144,0.829
3674.144,0.77
3674.144,0.182
3674.144,0.356
3674.144,0.162
3674.4067,0.657
3674.6849,0.217
3674.714,0.766
3674.7633,0.771
3675.261,0.373
3675.2874,0.31
3675.4429,0.284
3675.6811,0.27
3675.7551,0.282
3676.3106,0.831
3676.313,0.227
3676.3551,0.186
3676.363,0.319
3676.4918,0.17
3676.5543,0.432
3676.627,0.182
3676.8063,0.26
3676.8725,0.652
3676.9506,0.19
3676.96,0.174
3677.3055,0.797
3677.4534,0.832
3677.5033,0.757
3677.6276,0.871
3677.667,0.86
3677.8407,0.861
3677.882,0.833
3678.2137,0.374
3678.8389,0.387
3678.8581,0.161
3678.86,0.811
3678.878,0.281
3678.9679,0.187
3678.9968,0.564
3679.161,0.151
3679.353,0.363
3679.6775,0.805
3679.913,0.931
3680.1997,0.239
3680.3401,0.678
3680.3785,0.542
3680.657,0.764
3680.6996,0.568
3680.7844,0.815
3680.9398,0.39
3681.2246,0.788
3681.6438,0.694
3681.8722,0.609
3682.0263,0.269
3682.0787,0.167
3682.09,0.16
3682.1671,0.795
3682.2104,0.864
3682.212,0.228
3682.2441,0.853
3682.662,0.191
3682.7375,0.643
3682.808,0.42
3683.0496,0.442
3683.0543,0.883
3683.5824,0.601
3683.6114,0.762
3683.6287,0.342
3683.6976,0.175
3684.1072,0.862
3684.1373,0.775
3684.223,0.641
3685.0514,0.189
3685.1813,0.953
3685.1962,0.955
3685.4957,0.361
3685.533,0.246
3685.765,0.294
3685.9968,0.865
3686.2578,0.776
3686.6198,0.608
3686.6732,0.535
3686.6887,0.308
3686.788,0.228
3686.831,0.488
3687.0964,0.782
3687.234,0.199
3687.238,0.185
3687.4562,0.926
3687.521,0.169
3687.6578,0.823
3688.0682,0.193
3688.401,0.208
3688.41,0.661
3688.417,0.785
3688.4605,0.773
3688.801,0.803
3688.8655,0.614
3689.0009,0.255
3689.0091,0.626
3689.0761,0.254
3689.3153,0.201
3689.369,0.703
3689.4577,0.859
3689.4773,0.672
3689.8676,0.679
3689.9074,0.743
3689.9138,0.284
3690.2794,0.153
3690.4547,0.757
3690.7141,0.167
3690.7267,0.817
3691.555,0.555
3692.2194,0.228
3692.6479,0.22
3692.649,0.407
3693.0264,0.769
3693.1098,0.243
3693.1224,0.218
3693.476,0.201
3693.6645,0.365
3693.7752,0.186
3693.9338,0.56
3694.0058,0.868
3694.1069,0.22
3694.1915,0.84
3694.81,0.247
3695.0513,0.838
3695.0524,0.625
3695.1128,0.293
3695.3349,0.262
3695.5146,0.288
3695.8647,0.193
3696.3639,0.337
3696.5491,0.246
3696.7536,0.152
3696.9079,0.28
3697.152,0.62
3697.4252,0.827
3697.457,0.537
3697.528,0.161
3697.5358,0.592
3697.733,0.153
3697.9963,0.58
3698.0263,0.379
3698.0657,0.665
3698.152,0.762
3698.1569,0.642
3698.6027,0.746
3698.7557,0.287
3699.1387,0.758
3699.8174,0.375
3700.1245,0.252
3700.3462,0.605
3700.5988,0.166
3700.9665,0.178
3701.0858,0.869
3701.1194,0.206
3701.123,0.361
3702.0292,0.784
3702.241,0.38
3702.4918,0.669
3703.4293,0.209
3703.5476,0.779
3703.5678,0.395
3703.5839,0.814
3703.6907,0.806
3703.819,0.225
3703.8212,0.775
3703.853,0.674
3704.014,0.509
3704.0604,0.679
3704.292,0.168
3704.4607,0.845
3704.6999,0.272
3705.2594,0.184
3705.5654,0.934
3705.6977,0.649
3706.024,0.946
3706.0719,0.324
3706.08,0.39
3706.1478,0.427
3706.2165,0.888
3707.0371,0.799
3707.0456,0.858
3707.309,0.297
3707.341,0.197
3707.4556,0.721
3707.5638,0.778
3707.8139,0.274
3707.8218,0.886
3707.9194,0.882
3708.6017,0.581
3708.8222,0.361
3709.181,0.198
3709.2461,0.928
3709.266,0.731
3709.3258,0.154
3709.5336,0.798
3709.6654,0.726
3709.929,0.16
3709.9562,0.232
3710.2872,0.908
3710.4707,0.213
3711.1185,0.275
3711.2224,0.803
3711.4079,0.79
3711.971,0.72
3712.3871,0.181
3712.704,0.172
3712.8871,0.767
3712.93,0.868
3713.3381,0.155
3713.54,0.152
3713.7006,0.291
3714.188,0.152
3714.777,0.407
3715.172,0.832
3715.3996,0.521
3715.4638,0.846
3715.5035,0.228
3715.9111,0.789
3716.366,0.17
3716.4418,0.847
3716.5195,0.191
3717.1847,0.205
3717.3911,0.298
3717.8296,0.25
3717.9483,0.158
3718.1508,0.423
3718.4063,0.792
3718.83,0.153
3718.92,0.284
3718.9261,0.286
3719.9344,0.951
3720.1689,0.22
3720.8272,0.161
3721.1844,0.634
3721.2716,0.772
3721.2723,0.289
3721.3931,0.79
3721.5023,0.809
3721.56,0.258
3721.6001,0.748
3721.6362,0.916
3721.939,0.754
3722.0234,0.608
3722.1315,0.205
3722.229,0.227
3722.486,0.223
3722.488,0.668
3722.489,0.785
3722.5627,0.933
3722.5696,0.29
3723.3708,0.214
3723.6023,0.571
3724.0021,0.167
3724.0841,0.689
3724.3731,0.255
3724.3768,0.852
3724.5684,0.409
3724.8195,0.401
3724.92,0.165
3724.941,0.175
3725.1523,0.298
3725.3056,0.365
3725.4908,0.66
3725.6442,0.163
3726.8287,0.172
3726.8961,0.695
3726.9261,0.838
3727.033,0.3
3727.092,0.823
3727.3412,0.833
3727.3755,0.304
3727.5283,0.361
3727.6187,0.926
3727.6734,0.762
3727.711,0.263
3727.8088,0.81
3728.0436,0.338
3728.3417,0.513
3728.6643,0.265
3728.6675,0.76
3728.891,0.207
3728.9212,0.345
3728.965,0.51
3729.722,0.228
3729.8065,0.759
3730.0112,0.284
3730.3045,0.399
3730.3136,0.166
3730.3862,0.821
3730.4604,0.761
3730.4779,0.417
3730.518,0.206
3730.5653,0.178
3730.577,0.168
3730.6074,0.363
3730.7493,0.197
3730.802,0.288
3730.8028,0.309
3730.946,0.797
3731.17,0.222
3731.26,0.414
3731.26,0.179
3731.3732,0.778
3731.6287,0.191
3731.9287,0.287
3731.94,0.301
3731.9693,0.252
3732.028,0.346
3732.3961,0.88
3732.3979,0.574
3732.6504,0.204
3732.7476,0.843
3732.751,0.169
3733.1914,0.684
3733.3171,0.933
3733.486,0.388
3734.368,0.788
3734.4652,0.19
3734.8635,0.951
3734.9585,0.479
3735.156,0.28
3735.3236,0.853
3735.535,0.244
3735.9264,0.292
3736.0141,0.311
3736.81,0.822
3736.813,0.759
3736.815,0.194
3736.817,0.354
3736.821,0.177
3736.8955,0.179
3736.9017,0.951
3737.1312,0.951
3737.5445,0.252
3738.06,0.186
3738.3048,0.851
3738.3591,0.78
3738.5001,0.531
3739.1152,0.625
3739.1198,0.17
3739.222,0.177
3739.225,0.472
3739.227,0.713
3739.3138,0.645
3739.5227,0.806
3739.5955,0.323
3739.7784,0.522
3740.0586,0.279
3740.0646,0.162
3740.239,0.81
3741.0588,0.78
3741.4739,0.33
3741.5546,0.652
3741.6383,0.923
3742.0722,0.208
3742.1386,0.701
3742.5581,0.674
3742.6165,0.806
3742.9461,0.427
3742.963,0.229
3743.1393,0.206
3743.2112,0.195
3743.3618,0.923
3743.3818,0.214
3743.4676,0.843
3743.47,0.291
3743.534,0.28
3743.573,0.67
3743.5972,0.433
3743.7765,0.464
3743.881,0.731
3744.082,0.183
3744.1006,0.386
3744.1023,0.815
3744.1635,0.241
3744.491,0.246
3744.5458,0.176
3744.5588,0.638
3745.3601,0.162
3745.4707,0.827
3745.4971,0.641
3745.5608,0.947
3745.7992,0.833
3745.8991,0.933
3745.966,0.615
3746.2423,0.396
3746.4747,0.567
3746.562,0.729
3746.709,0.188
3746.9268,0.836
3746.9955,0.658
3747.5523,0.731
3748.0028,0.815
3748.1732,0.189
3748.209,0.629
3748.2417,0.191
3748.2618,0.941
3748.2854,0.446
3748.3486,0.327
3748.487,0.78
3748.4956,0.505
3748.606,0.253
3748.6692,0.69
3748.8993,0.388
3748.9056,0.374
3748.9645,0.84
3748.988,0.603
3749.027,0.273
3749.043,0.28
3749.045,0.448
3749.4848,0.947
3749.9303,0.278
3750.152,0.802
3750.291,0.391
3750.301,0.169
3750.4739,0.237
3750.5247,0.22
3750.642,0.233
3750.6805,0.355
3750.8677,0.82
3751.0884,0.351
3751.2184,0.37
3751.59,0.751
3751.6281,0.181
3751.821,0.563
3752.4064,0.406
3752.4151,0.79
3752.4955,0.164
3752.8304,0.16
3752.8556,0.273
3752.8583,0.801
3752.9883,0.36
3753.1375,0.422
3753.3352,0.474
3753.6105,0.858
3753.633,0.396
3753.692,0.165
3754.5002,0.738
3754.5692,0.73
3754.6527,0.463
3754.6791,0.265
3755.1269,0.182
3755.5679,0.495
3755.822,0.168
3756.0675,0.71
3756.8694,0.222
3756.9371,0.811
3757.17,0.192
3757.306,0.205
3757.37,0.258
3757.4537,0.688
3757.661,0.501
3757.6849,0.903
3757.767,0.226
3758.0254,0.595
3758.046,0.259
3758.1106,0.389
3758.2089,0.195
3758.2326,0.943
3758.93,0.173
3759.0641,0.428
3759.08,0.401
3759.1543,0.698
3759.2914,0.954
3759.4624,0.722
3759.5807,0.493
3760.0493,0.846
3760.2208,0.568
3760.5316,0.829
3761.0622,0.274
3761.3206,0.954
3761.4082,0.731
3761.6724,0.467
3761.7166,0.263
3761.8446,0.443
3761.872,0.828
3761.9042,0.285
3762.2033,0.7
3762.2949,0.238
3762.6055,0.161
3762.6179,0.259
3762.892,0.38
3763.47,0.161
3763.5653,0.335
3763.7299,0.264
3763.7886,0.937
3764.0961,0.632
3764.115,0.157
3764.2081,0.86
3765.5383,0.879
3765.5849,0.627
3765.6451,0.319
3765.698,0.701
3766.0886,0.548
3766.585,0.153
3766.637,0.223
3766.6583,0.733
3766.815,0.553
3767.1914,0.932
3767.2673,0.202
3767.6215,0.205
3767.6356,0.292
3767.6784,0.151
3767.7039,0.205
3768.0266,0.79
3768.0423,0.277
3768.064,0.168
3768.238,0.471
3768.396,0.352
3768.7055,0.271
3768.733,0.227
3769.4591,0.843
3769.9867,0.811
3770.301,0.751
3770.3799,0.329
3770.4045,0.522
3770.63,0.806
3770.9662,0.808
3771.4898,0.45
3771.491,0.426
3771.6503,0.417
3772.5258,0.33
3772.5809,0.23
3772.9673,0.27
3773.3585,0.346
3773.6911,0.729
3773.8866,0.18
3774.3298,0.894
3774.4624,0.177
3774.6471,0.74
3774.6699,0.156
3774.8239,0.809
3774.8781,0.266
3775.5,0.179
3775.571,0.86
3775.571,0.827
3775.571,0.356
3775.571,0.644
3775.571,0.319
3775.8536,0.399
3776.0534,0.837
3776.4544,0.808
3776.5573,0.752
3776.7622,0.221
3777.0658,0.537
3777.3307,0.459
3777.449,0.712
3778.0571,0.216
3778.1621,0.195
3778.3145,0.617
3778.3435,0.557
3778.5088,0.77
3778.6804,0.162
3778.6961,0.73
3778.7931,0.799
3779.2009,0.735
3779.4158,0.645
3779.4534,0.72
3779.5075,0.645
3779.5701,0.591
3781.1861,0.747
3781.308,0.171
3781.5115,0.322
3781.9029,0.592
3781.9394,0.255
3782.1127,0.464
3782.4478,0.595
3782.6092,0.484
3783.3429,0.815
3783.529,0.86
3783.533,0.827
3783.535,0.352
3783.537,0.649
3783.541,0.323
3783.762,0.167
3784.24,0.268
3785.706,0.671
3785.7881,0.462
3785.9479,0.834
3786.0436,0.455
3786.1489,0.76
3786.18,0.188
3786.1869,0.807
3786.3233,0.745
3786.3656,0.216
3786.632,0.165
3786.6766,0.835
3786.836,0.17
3787.0743,0.165
3787.1633,0.696
3787.2392,0.497
3787.866,0.154
3787.8799,0.915
3787.9351,0.183
3787.9734,0.153
3788.0383,0.275
3788.0586,0.34
3788.4296,0.29
3788.44,0.158
3788.6935,0.872
3788.86,0.228
3789.1755,0.776
3789.2938,0.17
3789.3065,0.761
3789.569,0.522
3789.5738,0.212
3789.8161,0.681
3790.0927,0.87
3790.209,0.467
3790.45,0.25
3790.4951,0.334
3790.6536,0.666
3790.754,0.766
3790.83,0.491
3791.109,0.242
3791.375,0.28
3791.5053,0.651
3791.7417,0.612
3792.135,0.307
3792.1538,0.757
3792.304,0.187
3792.3366,0.226
3792.3396,0.382
3792.8266,0.497
3793.163,0.521
3793.288,0.318
3793.3542,0.771
3793.4801,0.79
3793.5846,0.643
3793.601,0.331
3793.611,0.524
3793.8711,0.744
3793.873,0.315
3794.3391,0.826
3794.3565,0.259
3794.609,0.277
3794.78,0.494
3794.9493,0.189
3795.002,0.919
3795.5223,0.242
3795.5283,0.629
3796.0114,0.583
3796.384,0.289
3796.482,0.291
3796.8814,0.785
3797.13,0.276
3797.169,0.522
3797.445,0.182
3797.5144,0.854
3797.716,0.565
3797.898,0.81
3797.9488,0.633
3798.3573,0.394
3798.5109,0.908
3798.5196,0.193
3798.5863,0.296
3799.2541,0.167
3799.5471,0.917
3799.7872,0.572
3800.5459,0.192
3800.743,0.28
3801.3611,0.248
3801.5258,0.271
3801.6792,0.794
3801.8086,0.725
3801.862,0.52
3801.8914,0.215
3801.9834,0.74
3802.008,0.234
3802.2778,0.699
3803.096,0.154
3803.2428,0.374
3803.2719,0.169
3803.47,0.165
3804.0089,0.734
3804.6083,0.161
3804.7877,0.28
3804.799,0.519
3805.34,0.168
3805.3415,0.507
3805.342,0.861
3805.37,0.245
3805.788,0.226
3806.0477,0.233
3806.2165,0.757
3806.6952,0.845
3806.7143,0.801
3806.8679,0.203
3807.144,0.869
3807.144,0.839
3807.144,0.438
3807.144,0.709
3807.144,0.39
3807.1588,0.192
3807.1736,0.354
3807.408,0.519
3807.446,0.177
3807.5367,0.841
3808.113,0.185
3808.281,0.458
3808.7283,0.802
3808.7381,0.156
3809.0398,0.509
3809.4725,0.175
3809.5638,0.671
3809.5907,0.641
3810.7555,0.759
3810.905,0.174
3811.0343,0.39
3811.804,0.548
3811.8906,0.751
3812.9642,0.908
3813.0577,0.808
3813.3882,0.858
3813.4911,0.158
3813.6345,0.763
3813.8834,0.73
3813.9324,0.566
3813.977,0.215
3814.017,0.519
3814.1238,0.615
3814.523,0.817
3814.5799,0.879
3814.72,0.156
3814.7787,0.727
3815.3269,0.304
3815.3803,0.438
3815.8396,0.933
3816.21,0.163
3816.3201,0.294
3816.3402,0.826
3816.4662,0.298
3816.7413,0.237
3816.9197,0.52
3817.4517,0.178
3817.5721,0.168
3817.585,0.342
3817.639,0.779
3817.845,0.222
3818.2414,0.209
3818.2672,0.162
3818.3316,0.284
3818.3414,0.683
3818.479,0.155
3819.4926,0.647
3819.565,0.692
3819.661,0.405
3819.683,0.443
3820.4249,0.943
3821.1774,0.854
3821.8343,0.802
3821.9225,0.642
3821.993,0.517
3822.0229,0.154
3822.8399,0.418
3823.3464,0.158
3823.5096,0.782
3823.518,0.153
3823.737,0.218
3823.8887,0.664
3824.0736,0.301
3824.3035,0.836
3824.4216,0.591
3824.4432,0.93
3824.5556,0.244
3824.9198,0.343
3825.386,0.334
3825.4022,0.663
3825.8444,0.371
3825.8805,0.939
3826.409,0.174
3826.415,0.379
3826.6293,0.581
3826.8414,0.746
3826.9679,0.26
3827.0852,0.537
3827.2128,0.156
3827.5711,0.755
3827.8222,0.925
3827.8652,0.414
3828.1499,0.531
3828.1868,0.193
3828.504,0.428
3828.5569,0.26
3829.1216,0.597
3829.3549,0.911
3829.3625,0.213
3829.4516,0.734
3829.579,0.166
3829.6588,0.165
3829.662,0.214
3829.6743,0.263
3829.6934,0.639
3829.761,0.637
3830.024,0.517
3830.0705,0.183
3830.479,0.209
3830.4817,0.236
3830.6071,0.236
3830.6122,0.399
3830.7569,0.641
3830.8613,0.703
3831.0207,0.157
3831.0792,0.152
3831.676,0.695
3831.688,0.229
3831.691,0.645
3831.692,0.767
3832.2721,0.161
3832.2996,0.906
3832.3037,0.923
3832.87,0.157
3832.872,0.264
3832.8907,0.831
3832.944,0.156
3833.0022,0.209
3833.071,0.535
3833.2084,0.602
3833.3077,0.81
3833.4632,0.169
3833.8589,0.645
3833.9573,0.279
3834.2221,0.931
3834.3599,0.756
3834.4517,0.603
3834.726,0.21
3834.8102,0.199
3835.384,0.808
3836.0826,0.853
3836.3302,0.803
3836.5,0.151
3836.761,0.796
3836.9149,0.209
3837.1342,0.692
3838.271,0.196
3838.275,0.344
3838.29,0.844
3838.2918,0.93
3838.2943,0.906
3838.4238,0.226
3838.5377,0.174
3838.98,0.235
3839.2558,0.83
3839.5004,0.22
3839.6268,0.75
3839.7763,0.577
3840.4372,0.924
3840.71,0.153
3840.7494,0.307
3841.0475,0.919
3841.0706,0.703
3841.2479,0.354
3841.273,0.429
3841.883,0.171
3842.0492,0.682
3842.8963,0.617
3842.9887,0.411
3843.018,0.501
3843.05,0.688
3843.2564,0.836
3843.698,0.697
3843.983,0.552
3844.2567,0.201
3844.26,0.336
3844.5649,0.219
3844.6897,0.285
3845.1684,0.785
3845.1827,0.594
3845.2138,0.444
3845.4682,0.817
3845.5861,0.187
3845.6938,0.684
3845.9844,0.685
3846.024,0.458
3846.024,0.517
3846.024,0.251
3846.024,0.17
3846.2822,0.188
3846.4092,0.775
3846.4391,0.182
3846.6288,0.448
3846.7906,0.677
3846.7998,0.838
3846.9335,0.666
3847.2116,0.183
3847.3391,0.353
3848.0766,0.189
3848.211,0.188
3848.23,0.189
3848.2888,0.499
3848.3042,0.459
3848.3159,0.155
3848.513,0.259
3848.5919,0.154
3848.976,0.395
3849.01,0.301
3849.365,0.63
3849.533,0.312
3849.554,0.677
3849.9663,0.909
3850.017,0.503
3850.408,0.167
3850.6905,0.465
3850.6905,0.228
3850.699,0.19
3850.8177,0.864
3850.977,0.274
3852.017,0.176
3852.212,0.32
3852.461,0.235
3852.5724,0.823
3853.0463,0.218
3853.1556,0.152
3853.172,0.188
3853.3318,0.358
3853.4564,0.476
3853.6645,0.618
3853.7253,0.221
3854.185,0.165
3854.2,0.159
3854.215,0.49
3854.319,0.189
3854.3659,0.731
3854.8172,0.292
3854.9521,0.168
3855.285,0.277
3855.3146,0.304
3855.3627,0.204
3855.461,0.276
3855.567,0.339
3855.8404,0.368
3855.8465,0.679
3856.0175,0.78
3856.271,0.273
3856.3711,0.928
3856.5347,0.166
3856.6167,0.291
3857.5747,0.188
3857.624,0.433
3857.6434,0.248
3857.8346,0.215
3858.1368,0.249
3858.297,0.88
3858.297,0.853
3858.297,0.594
3858.297,0.766
3858.297,0.532
3858.4726,0.593
3858.86,0.686
3858.8966,0.554
3858.9176,0.281
3859.2123,0.84
3859.4531,0.254
3859.5879,0.202
3859.911,0.942
3860.2657,0.238
3860.4737,0.215
3860.6669,0.19
3860.7295,0.202
3861.1654,0.556
3861.3324,0.725
3861.3433,0.711
3861.5909,0.666
3862.2462,0.201
3862.3609,0.289
3862.5954,0.726
3862.7894,0.427
3862.8255,0.152
3863.0637,0.455
3863.41,0.309
3863.5376,0.164
3863.6384,0.188
3863.6906,0.59
3863.741,0.75
3863.7854,0.457
3863.9517,0.218
3863.9863,0.164
3864.3008,0.466
3864.4851,0.31
3864.591,0.305
3864.8561,0.221
3865.3535,0.155
3865.4547,0.156
3865.5229,0.903
3865.6043,0.497
3865.9281,0.227
3866.0891,0.263
3866.4395,0.269
3866.5305,0.182
3866.7219,0.458
3866.77,0.433
3866.8394,0.364
3866.9227,0.24
3866.9626,0.264
3867.021,0.57
3867.2157,0.819
3867.4381,0.389
3867.5832,0.19
3867.9202,0.671
3868.0627,0.236
3868.2337,0.504
3868.3114,0.181
3868.3964,0.243
3868.5487,0.163
3868.7201,0.221
3869.2293,0.258
3869.2719,0.165
3869.5581,0.746
3869.6074,0.647
3869.6528,0.345
3869.8081,0.19
3869.884,0.218
3870.1781,0.593
3870.4774,0.396
3870.7894,0.638
3870.9004,0.287
3871.2221,0.323
3871.5337,0.155
3871.5936,0.18
3871.64,0.372
3871.7479,0.79
3872.1,0.337
3872.501,0.906
3872.5403,0.492
3872.5614,0.155
3872.5619,0.272
3872.7593,0.326
3872.9209,0.667
3873.1139,0.789
3873.2018,0.197
3873.7601,0.826
3873.9548,0.743
3874.0534,0.347
3874.536,0.412
3875.0716,0.229
3875.1459,0.179
3875.2611,0.247
3875.6446,0.212
3875.6546,0.164
3875.7763,0.583
3875.8043,0.154
3876.0396,0.746
3876.4816,0.152
3876.8242,0.262
3876.8399,0.191
3876.9615,0.187
3878.0177,0.907
3878.1829,0.577
3878.2867,0.346
3878.306,0.808
3878.5728,0.923
3878.6707,0.818
3878.7074,0.751
3878.7259,0.799
3879.2329,0.344
3879.2657,0.187
3879.54,0.166
3880.77,0.188
3881.236,0.236
3881.8603,0.175
3881.8739,0.642
3881.9739,0.599
3882.1462,0.287
3882.2864,0.796
3882.3202,0.233
3882.4447,0.156
3882.8915,0.44
3883.2,0.186
3883.2594,0.197
3883.2798,0.785
3883.287,0.617
3883.635,0.198
3884.3581,0.786
3884.6028,0.154
3884.6632,0.299
3884.8361,0.373
3885.067,0.176
3885.1452,0.504
3885.214,0.565
3885.28,0.174
3885.5101,0.808
3885.749,0.67
3886.0656,0.194
3886.2605,0.543
3886.2818,0.932
3886.37,0.252
3886.795,0.533
3887.0477,0.898
3888.416,0.677
3888.5131,0.894
3888.7102,0.251
3888.8214,0.777
3889.048,0.809
3889.1014,0.329
3889.1016,0.248
3889.666,0.676
3889.9186,0.166
3889.9256,0.19
3889.9819,0.157
3890.178,0.398
3890.241,0.421
3890.3858,0.291
3890.3935,0.571
3890.58,0.203
3890.8402,0.756
3890.94,0.218
3890.97,0.182
3891.25,0.153
3891.5008,0.344
3891.776,0.507
3891.906,0.56
3891.9264,0.753
3892.056,0.16
3892.3078,0.492
3892.8918,0.455
3892.982,0.453
3893.304,0.355
3893.3092,0.705
3893.3898,0.808
3893.4462,0.209
3893.912,0.698
3894.0113,0.739
3894.034,0.392
3894.0767,0.808
3894.4781,0.303
3894.9775,0.445
3895.243,0.237
3895.4253,0.505
3895.572,0.632
3895.6559,0.91
3896.066,0.629
3896.0918,0.278
3896.1379,0.523
3896.234,0.249
3896.4803,0.281
3896.7667,0.214
3897.4485,0.732
3897.8892,0.815
3897.9762,0.42
3898.0087,0.836
3898.059,0.332
3898.12,0.356
3898.53,0.236
3899.0284,0.708
3899.1276,0.693
3899.3804,0.336
3899.707,0.916
3899.8617,0.248
3899.8617,0.237
3899.8617,0.223
3899.8617,0.22
3900.2188,0.212
3900.515,0.747
3900.539,0.92
3900.675,0.342
3900.9589,0.197
3901.6905,0.289
3901.8454,0.199
3902.2531,0.275
3902.909,0.44
3902.9451,0.899
3903.161,0.184
3903.2525,0.733
3903.859,0.8
3903.8977,0.785
3904.0786,0.49
3904.6599,0.463
3904.7825,0.64
3905.1832,0.174
3905.523,0.906
3905.6443,0.421
3905.87,0.171
3906.0345,0.526
3906.2882,0.165
3906.312,0.354
3906.4791,0.88
3906.4886,0.248
3906.5243,0.159
3906.5297,0.164
3906.7469,0.735
3906.8054,0.314
3906.9617,0.598
3907.095,0.21
3907.117,0.215
3907.4651,0.604
3907.488,0.251
3907.6653,0.252
3907.9337,0.773
3908.756,0.681
3908.8418,0.401
3908.926,0.202
3909.2102,0.173
3909.6576,0.683
3909.8292,0.737
3909.9343,0.202
3910.4569,0.24
3910.8437,0.708
3910.998,0.688
3911.17,0.213
3911.7013,0.225
3911.815,0.289
3911.9409,0.247
3911.9937,0.262
3912.217,0.199
3913.4611,0.917
3913.6313,0.757
3914.1833,0.47
3914.273,0.616
3914.318,0.619
3914.3339,0.328
3914.4174,0.206
3914.5068,0.704
3914.7616,0.195
3915.2131,0.339
3915.4716,0.394
3915.839,0.332
3915.8449,0.193
3915.934,0.463
3916.04,0.209
3916.238,0.337
3916.4045,0.695
3916.5895,0.153
3916.7305,0.783
3917.1805,0.824
3917.3599,0.273
3918.3146,0.769
3918.4151,0.775
3918.5708,0.422
3918.6415,0.788
3919.0651,0.748
3919.1003,0.156
3919.1478,0.155
3919.158,0.749
3919.7125,0.168
3920.2574,0.904
3920.3012,0.166
3920.4321,0.192
3920.617,0.195
3920.629,0.264
3920.8363,0.654
3920.96,0.204
3921.02,0.502
3921.053,0.677
3921.1865,0.469
3921.2719,0.224
3921.4221,0.196
3921.54,0.211
3922.6489,0.192
3922.6653,0.221
3922.6723,0.466
3922.9112,0.911
3923.0218,0.306
3923.4834,0.191
3924.0523,0.242
3924.5264,0.438
3925.2005,0.623
3925.6434,0.772
3925.6542,0.191
3925.9413,0.78
3926.0128,0.742
3926.4523,0.264
3926.4666,0.167
3926.4802,0.239
3926.9029,0.322
3927.7464,0.217
3927.9194,0.913
3927.9219,0.602
3927.9457,0.173
3927.9505,0.296
3928.0106,0.278
3928.0829,0.745
3928.637,0.575
3928.8756,0.195
3929.1164,0.602
3929.2081,0.653
3929.22,0.259
3929.6845,0.175
3929.7201,0.408
3929.8736,0.394
3930.2963,0.915
3930.3058,0.715
3930.488,0.238
3930.4895,0.219
3930.509,0.251
3930.6583,0.226
3930.8746,0.236
3931.1172,0.702
3931.263,0.455
3932.0087,0.823
3932.627,0.767
3933.599,0.728
3933.6014,0.264
3933.655,0.947
3933.657,0.91
3933.659,0.95
3933.66,0.947
3933.661,0.949
3933.664,0.95
3933.7303,0.273
3933.7455,0.277
3933.7631,0.278
3934.114,0.434
3934.785,0.355
3935.3064,0.575
3935.8124,0.787
3935.8589,0.256
3935.9607,0.516
3935.9684,0.642
3936.7428,0.183
3936.807,0.158
3937.3272,0.731
3937.7194,0.669
3938.0082,0.33
3938.2934,0.772
3938.4,0.727
3938.863,0.166
3938.9665,0.29
3939.1431,0.161
3939.7927,0.159
3940.0366,0.21
3940.877,0.781
3940.8884,0.176
3941.1848,0.455
3941.2753,0.725
3941.488,0.499
3941.51,0.281
3941.731,0.242
3941.8485,0.291
3942.1506,0.208
3942.3641,0.385
3942.4396,0.777
3942.745,0.279
3942.7841,0.71
3943.0958,0.573
3943.1762,0.187
3943.3403,0.593
3943.5741,0.559
3943.7984,0.154
3944.006,0.895
3944.0541,0.402
3944.1001,0.507
3944.1025,0.293
3944.1314,0.16
3944.3779,0.249
3944.68,0.381
3944.7376,0.428
3944.8889,0.681
3944.979,0.298
3945.1168,0.735
3945.2115,0.67
3945.3264,0.28
3946.9945,0.732
3947.3762,0.354
3947.5068,0.275
3947.5308,0.746
3947.6892,0.452
3947.7682,0.426
3948.0971,0.78
3948.2767,0.206
3948.6656,0.153
3948.6701,0.651
3948.6745,0.193
3948.6792,0.2
3948.7747,0.797
3948.9004,0.339
3949.1,0.629
3949.1404,0.486
3949.228,0.163
3949.9525,0.804
3950.3494,0.804
3950.4635,0.176
3950.7548,0.166
3951.14,0.264
3951.1492,0.157
3951.1631,0.8
3951.957,0.767
3952.19,0.17
3952.3957,0.18
3952.532,0.164
3952.6009,0.772
3952.6563,0.34
3952.6701,0.227
3952.6958,0.718
3952.9181,0.277
3953.1513,0.724
3953.2475,0.166
3953.8568,0.478
3954.5268,0.186
3954.5322,0.32
3955.213,0.251
3955.2792,0.17
3955.3412,0.719
3955.9549,0.632
3956.2777,0.159
3956.3296,0.15
3956.3335,0.65
3956.3372,0.188
3956.3413,0.2
3956.4548,0.798
3956.6763,0.83
3957.0178,0.776
3957.0537,0.6
3957.6238,0.199
3957.9293,0.193
3958.1963,0.217
3958.2004,0.223
3958.2051,0.721
3958.2095,0.268
3958.2144,0.272
3958.22,0.736
3960.2785,0.598
3961.1392,0.598
3961.52,0.905
3962.1498,0.161
3962.3513,0.45
3962.8503,0.276
3963.1,0.244
3963.1002,0.758
3963.684,0.744
3964.2684,0.271
3964.5152,0.666
3964.5683,0.157
3965.5086,0.428
3965.8303,0.272
3965.9151,0.663
3965.9345,0.31
3966.0611,0.81
3966.1335,0.155
3966.4991,0.748
3966.5424,0.238
3966.614,0.716
3966.6275,0.801
3966.81,0.322
3967.0401,0.155
3967.4206,0.766
3967.961,0.739
3968.0884,0.605
3968.39,0.438
3968.46,0.943
3968.462,0.888
3968.465,0.947
3968.466,0.942
3968.467,0.946
3968.469,0.948
3969.057,0.266
3969.2569,0.897
3969.3738,0.258
3969.3987,0.76
3969.6276,0.67
3969.743,0.727
3970.072,0.81
3970.261,0.71
3970.3889,0.732
3970.4802,0.333
3970.4872,0.569
3970.989,0.213
3971.249,0.225
3971.322,0.782
3971.96,0.226
3971.983,0.24
3972.0208,0.386
3972.1606,0.352
3972.1667,0.199
3972.5692,0.406
3972.6939,0.21
3972.8862,0.24
3972.9115,0.182
3973.1395,0.203
3973.26,0.24
3973.555,0.399
3973.556,0.644
3973.6196,0.164
3973.6283,0.687
3973.6393,0.17
3973.6492,0.667
3973.7075,0.662
3973.8566,0.253
3974.1606,0.432
3974.38,0.367
3974.6272,0.554
3974.6496,0.68
3974.7576,0.404
3974.7948,0.389
3975.2029,0.258
3975.5122,0.267
3975.8203,0.255
3975.842,0.361
3975.845,0.437
3976.0931,0.164
3976.3846,0.312
3976.5457,0.39
3976.613,0.722
3976.658,0.707
3976.701,0.336
3976.83,0.159
3977.1659,0.258
3977.7204,0.39
3977.7406,0.808
3978.1584,0.538
3978.4574,0.191
3978.677,0.168
3979.1217,0.26
3979.5171,0.32
3979.6358,0.32
3981.0977,0.208
3981.231,0.167
3981.5116,0.183
3981.6116,0.264
3981.755,0.176
3981.758,0.176
3981.7612,0.683
3981.7644,0.22
3981.7678,0.234
3981.7705,0.762
3981.991,0.74
3982.481,0.267
3982.576,0.215
3982.5919,0.795
3983.3554,0.243
3983.899,0.688
3983.9559,0.772
3984.1418,0.171
3984.1458,0.309
3984.332,0.335
3984.6598,0.467
3984.718,0.192
3984.9343,0.188
3985.235,0.16
3985.3157,0.323
3985.3869,0.712
3986.1714,0.766
3986.1786,0.206
3986.2984,0.558
3986.6857,0.302
3986.7533,0.733
3986.8216,0.229
3987.0905,0.197
3987.6061,0.67
3988.52,0.413
3988.9872,0.418
3989.056,0.16
3989.0789,0.381
3989.5998,0.283
3989.7515,0.208
3989.7546,0.213
3989.7579,0.715
3989.7613,0.257
3989.7649,0.271
3989.789,0.159
3989.8572,0.644
3989.9778,0.367
3990.1,0.205
3990.3729,0.635
3991.114,0.667
3991.127,0.67
3991.5349,0.154
3991.668,0.273
3991.74,0.199
3992.794,0.212
3993.0967,0.19
3993.7316,0.161
3993.9301,0.254
3994.0046,0.534
3994.1127,0.6
3994.67,0.214
3995.2,0.485
3995.2042,0.336
3995.3071,0.769
3995.75,0.371
3995.8613,0.697
3995.9828,0.691
3996.26,0.21
3996.7845,0.221
3996.9635,0.691
3997.1098,0.612
3997.3916,0.818
3997.9034,0.561
3998.0521,0.784
3998.6362,0.757
3998.965,0.651
3999.2367,0.205
4000.2522,0.514
4000.45,0.293
4000.4572,0.599
4001.437,0.221
4001.4373,0.314
4001.6609,0.717
4002.0724,0.216
4002.5397,0.214
4002.6607,0.198
4002.8674,0.153
4002.9279,0.489
4003.1684,0.368
4003.2818,0.154
4003.7613,0.601
4004.1558,0.194
4004.827,0.563
4004.978,0.468
4005.0632,0.49
4005.2414,0.88
4005.3847,0.538
4005.4799,0.308
4005.7021,0.754
4006.1568,0.207
4006.3108,0.713
4006.624,0.659
4007.2717,0.735
4008.1622,0.182
4008.8649,0.591
4008.9274,0.362
4009.7124,0.79
4010.1737,0.271
4010.341,0.262
4010.7387,0.578
4010.7801,0.582
4011.4018,0.217
4011.407,0.366
4011.7112,0.279
4011.8815,0.222
4012.1491,0.375
4012.24,0.433
4012.3838,0.846
4012.3858,0.21
4012.4694,0.245
4012.5129,0.224
4013.6385,0.609
4013.7816,0.312
4013.8243,0.613
4014.2653,0.198
4014.484,0.57
4014.5308,0.781
4015.4652,0.571
4015.4744,0.387
4015.6052,0.654
4016.4192,0.517
4017.0823,0.526
4017.1482,0.728
4017.463,0.65
4017.5624,0.197
4017.568,0.351
4017.7685,0.156
4018.1,0.695
4018.2668,0.66
4019.042,0.207
4020.0768,0.295
4020.2527,0.185
4020.392,0.18
4020.4834,0.276
4020.8988,0.21
4021.33,0.17
4021.6377,0.274
4021.8155,0.154
4021.866,0.791
4022.2121,0.185
4022.2594,0.193
4022.7373,0.211
4023.0,0.154
4023.3772,0.719
4023.677,0.226
4023.9996,0.236
4024.0648,0.232
4024.0956,0.186
4024.435,0.173
4024.5505,0.55
4024.5711,0.389
4024.7247,0.745
4025.1293,0.805
4025.4181,0.224
4025.4316,0.238
4025.8175,0.678
4026.164,0.37
4026.4295,0.251
4026.5373,0.205
4027.095,0.168
4027.67,0.293
4027.9389,0.18
4028.3383,0.805
4028.7572,0.197
4029.6217,0.579
4029.6318,0.226
4029.675,0.399
4030.184,0.583
4030.4882,0.766
4030.5112,0.185
4030.75,0.868
4030.8207,0.188
4030.8891,0.6
4031.2397,0.17
4031.4448,0.15
4031.69,0.303
4031.78,0.163
4031.7812,0.189
4031.9604,0.693
4032.4466,0.367
4032.454,0.652
4032.4662,0.254
4032.6268,0.729
4032.8428,0.155
4032.9398,0.479
4032.984,0.156
4033.06,0.858
4033.1856,0.223
4033.267,0.162
4033.585,0.191
4033.6559,0.167
4034.48,0.843
4035.5422,0.186
4035.5941,0.486
4035.6204,0.685
4035.72,0.707
4036.3665,0.15
4036.7636,0.375
4037.1236,0.483
4037.6829,0.18
4037.9774,0.159
4038.6236,0.455
4038.7892,0.174
4039.0898,0.342
4039.091,0.27
4040.0883,0.605
4040.6381,0.675
4040.7527,0.2
4040.79,0.27
4041.2709,0.274
4041.2784,0.496
4041.35,0.769
4041.6488,0.592
4042.91,0.275
4043.6856,0.189
4043.8966,0.731
4043.9771,0.578
4044.4919,0.255
4044.5448,0.309
4044.6088,0.725
4045.112,0.189
4045.1122,0.255
4045.1986,0.157
4045.3874,0.292
4045.5933,0.725
4045.613,0.358
4045.8119,0.915
4046.0618,0.634
4047.3024,0.279
4048.666,0.506
4048.74,0.692
4048.7795,0.301
4048.78,0.236
4048.8313,0.188
4048.993,0.152
4049.3262,0.332
4050.32,0.26
4050.6731,0.167
4051.9053,0.549
4051.9161,0.259
4051.93,0.563
4052.2929,0.213
4052.4389,0.356
4052.4968,0.636
4052.72,0.44
4053.2588,0.557
4053.8209,0.781
4054.076,0.494
4054.1771,0.266
4054.8054,0.718
4054.8662,0.641
4055.035,0.617
4055.54,0.722
4055.542,0.722
4056.0599,0.158
4056.1867,0.333
4057.3428,0.537
4057.5052,0.737
4057.6551,0.343
4057.8682,0.216
4057.9435,0.153
4058.2166,0.688
4058.7534,0.594
4058.7689,0.267
4058.769,0.214
4058.9134,0.162
4058.93,0.632
4059.3775,0.196
4059.713,0.517
4060.262,0.164
4061.08,0.349
4061.0947,0.611
4061.7238,0.241
4061.9524,0.24
4062.4407,0.763
4063.2757,0.744
4063.53,0.588
4063.5936,0.904
4063.6365,0.375
4064.0474,0.346
4064.3602,0.4
4064.3731,0.161
4064.4494,0.234
4065.3806,0.579
4066.0218,0.156
4066.3657,0.198
4066.5849,0.611
4066.974,0.757
4067.0309,0.647
4067.2706,0.727
4067.7633,0.167
4067.9777,0.768
4069.066,0.332
4069.608,0.261
4069.6813,0.35
4070.0231,0.171
4070.28,0.324
4070.4508,0.157
4070.6626,0.569
4070.7655,0.302
4070.7702,0.73
4071.5197,0.568
4071.7375,0.898
4072.5021,0.53
4072.561,0.248
4073.474,0.188
4073.7619,0.712
4074.6725,0.205
4074.7856,0.709
4075.9489,0.165
4076.218,0.342
4076.4894,0.512
4076.6288,0.761
4076.7997,0.662
4076.8623,0.218
4076.881,0.325
4076.905,0.243
4077.35,0.318
4077.511,0.261
4077.7093,0.932
4077.97,0.247
4078.3531,0.712
4078.4703,0.321
4079.1676,0.62
4079.24,0.622
4079.41,0.604
4079.8378,0.694
4080.209,0.647
4080.8757,0.364
4081.2662,0.194
4082.1068,0.481
4082.1305,0.226
4082.4246,0.367
4082.4547,0.151
4082.94,0.655
4083.2217,0.15
4083.5488,0.342
4083.63,0.658
4083.7628,0.271
4083.764,0.333
4084.4915,0.729
4085.004,0.708
4085.3027,0.726
4085.9819,0.338
4086.1281,0.19
4086.2998,0.268
4086.71,0.446
4087.0933,0.575
4087.2753,0.23
4087.593,0.18
4088.5557,0.376
4089.2165,0.394
4090.0721,0.339
4090.535,0.268
4090.9531,0.359
4091.5524,0.428
4092.2768,0.444
4092.3873,0.566
4092.5068,0.425
4092.6318,0.495
4092.6831,0.171
4094.3767,0.167
4094.399,0.348
4094.9253,0.565
4094.962,0.164
4095.2653,0.238
4095.9702,0.71
4097.0831,0.44
4097.0984,0.201
4098.1754,0.715
4098.5282,0.616
4098.5751,0.163
4099.7833,0.216
4099.981,0.165
4100.1559,0.574
4100.7375,0.654
4101.2608,0.562
4101.6849,0.282
4101.734,0.804
4102.9358,0.71
4104.1134,0.684
4104.9407,0.199
4105.157,0.205
4106.2585,0.395
4106.4221,0.51
4107.4881,0.756
4107.9337,0.161
4108.1299,0.236
4108.5256,0.514
4109.0561,0.52
4109.07,0.196
4109.45,0.311
4109.7575,0.154
4109.8015,0.753
4109.8152,0.293
4110.5319,0.397
4110.9732,0.161
4110.9817,0.322
4111.0092,0.349
4111.351,0.156
4111.7788,0.435
4112.3185,0.35
4112.544,0.192
4112.7084,0.205
4112.9113,0.196
4112.9583,0.673
4113.2159,0.202
4114.4446,0.702
4114.9376,0.542
4115.1327,0.158
4115.1768,0.268
4115.9778,0.184
4117.8521,0.289
4118.5443,0.793
4118.7733,0.682
4118.8853,0.547
4119.386,0.186
4119.5188,0.296
4120.2062,0.684
4121.318,0.734
4121.8022,0.674
4122.5153,0.684
4122.6589,0.734
4123.23,0.393
4123.382,0.152
4123.7279,0.475
4123.7648,0.419
4124.7825,0.521
4124.9057,0.219
4125.6198,0.565
4125.88,0.333
4126.1826,0.686
4126.512,0.243
4126.8513,0.198
4127.364,0.166
4127.6075,0.744
4127.7844,0.583
4127.8127,0.349
4128.0536,0.37
4128.0642,0.202
4128.1286,0.668
4128.7391,0.674
4129.1509,0.602
4129.184,0.245
4129.1936,0.224
4129.46,0.251
4129.694,0.238
4129.72,0.255
4130.645,0.602
4130.8937,0.409
4131.1106,0.152
4131.9345,0.568
4131.9709,0.394
4131.9909,0.212
4132.0578,0.86
4132.411,0.192
4132.5328,0.494
4132.8989,0.737
4133.603,0.256
4133.7938,0.201
4133.8553,0.588
4133.9951,0.193
4134.3357,0.229
4134.4195,0.55
4134.4255,0.172
4134.4835,0.168
4134.6772,0.774
4136.5204,0.507
4136.9975,0.741
4137.42,0.414
4137.645,0.23
4138.3975,0.23
4139.9267,0.35
4140.4025,0.606
4141.8627,0.418
4142.173,0.271
4142.3082,0.298
4142.5873,0.365
4143.4144,0.795
4143.4968,0.484
4143.8259,0.694
4143.8675,0.871
4145.1993,0.158
4145.7788,0.4
4146.064,0.405
4147.3423,0.345
4147.6686,0.748
4149.1227,0.241
4149.198,0.719
4149.3646,0.699
4150.2487,0.586
4150.986,0.25
4151.9451,0.491
4151.96,0.181
4151.9698,0.194
4152.1686,0.601
4153.8994,0.754
4154.0983,0.578
4154.4984,0.768
4154.8051,0.748
4156.08,0.27
4156.232,0.382
4156.276,0.384
4156.4527,0.518
4156.6712,0.516
4156.7986,0.755
4157.6984,0.157
4157.7691,0.291
4157.7795,0.743
4158.792,0.71
4160.2403,0.499
4160.3621,0.489
4161.0769,0.392
4161.2,0.503
4161.2036,0.257
4161.4144,0.182
4161.4842,0.295
4161.5293,0.714
4161.7917,0.588
4163.6436,0.799
4163.6683,0.386
4163.6884,0.166
4165.101,0.15
4165.3585,0.258
4165.5151,0.154
4165.5989,0.164
4167.2712,0.733
4167.8587,0.322
4167.956,0.546
4168.614,0.263
4168.9416,0.392
4169.7562,0.264
4169.8955,0.193
4170.614,0.196
4170.9012,0.699
4171.4792,0.344
4171.6902,0.391
4171.8993,0.413
4171.9036,0.779
4171.909,0.227
4172.042,0.203
4172.1218,0.698
4172.5975,0.224
4172.6402,0.626
4172.7442,0.645
4172.965,0.199
4173.3147,0.596
4173.4511,0.797
4173.4734,0.378
4173.5333,0.752
4173.9203,0.557
4174.0683,0.566
4174.3177,0.332
4174.9123,0.686
4175.6357,0.749
4176.5655,0.709
4177.0758,0.179
4177.32,0.204
4177.5296,0.777
4177.5935,0.662
4177.6858,0.703
4178.397,0.271
4178.8536,0.82
4179.0412,0.584
4179.421,0.531
4181.5491,0.547
4181.7544,0.791
4182.3823,0.683
4182.7577,0.384
4183.0039,0.169
4183.4285,0.376
4184.3118,0.559
4184.8912,0.744
4186.1172,0.168
4186.594,0.249
4187.0384,0.805
4187.587,0.587
4187.6179,0.172
4187.7949,0.806
4187.8489,0.248
4188.7308,0.692
4189.5566,0.458
4190.2351,0.214
4191.4299,0.793
4191.6765,0.646
4193.6617,0.191
4195.0185,0.213
4195.3287,0.734
4195.5241,0.305
4195.6174,0.492
4196.2083,0.703
4196.5306,0.329
4196.55,0.206
4198.2465,0.734
4198.3036,0.793
4198.6338,0.688
4199.0948,0.814
4199.8774,0.269
4200.4541,0.173
4200.924,0.684
4201.7146,0.3
4202.0288,0.857
4202.3526,0.348
4202.7527,0.246
4203.5678,0.231
4203.9379,0.608
4203.9844,0.723
4204.1964,0.191
4204.694,0.239
4205.028,0.22
4205.0503,0.168
4205.054,0.236
4205.0842,0.317
4205.3811,0.361
4205.5385,0.511
4206.6117,0.191
4206.6961,0.597
4207.127,0.656
4208.6038,0.634
4208.98,0.561
4209.3626,0.159
4209.7588,0.156
4209.8281,0.253
4210.2474,0.163
4210.343,0.766
4210.3829,0.658
4211.877,0.302
4213.6474,0.684
4215.423,0.519
4215.5192,0.916
4215.9672,0.193
4216.1831,0.746
4216.4751,0.459
4216.8064,0.25
4217.056,0.262
4217.5454,0.722
4219.199,0.21
4219.3595,0.758
4219.4141,0.436
4220.0482,0.198
4220.3411,0.642
4222.2127,0.763
4222.381,0.155
4224.1711,0.725
4224.5127,0.635
4224.8535,0.203
4225.2146,0.253
4225.4541,0.719
4225.714,0.19
4225.9555,0.622
4226.424,0.637
4226.728,0.892
4227.3339,0.519
4227.4264,0.799
4229.4051,0.158
4229.5093,0.473
4229.7516,0.244
4233.1621,0.863
4233.243,0.431
4233.6021,0.792
4234.0333,0.304
4235.1391,0.445
4235.2839,0.615
4235.3856,0.379
4235.7282,0.309
4235.936,0.817
4235.9628,0.66
4237.6701,0.196
4238.0231,0.699
4238.38,0.201
4238.7913,0.269
4238.8096,0.749
4239.3613,0.358
4239.7199,0.209
4239.732,0.609
4239.8476,0.636
4239.9422,0.247
4240.3704,0.534
4240.4573,0.31
4241.1143,0.195
4242.364,0.693
4242.5952,0.174
4242.7293,0.379
4243.3683,0.348
4243.8152,0.276
4245.2572,0.696
4245.344,0.453
4246.0126,0.224
4246.084,0.564
4246.822,0.883
4247.3053,0.228
4247.37,0.177
4247.4249,0.75
4248.2236,0.644
4250.1188,0.807
4250.7863,0.848
4250.8921,0.614
4252.632,0.506
4253.9297,0.16
4254.352,0.845
4254.406,0.227
4255.5003,0.347
4256.2,0.239
4257.6544,0.197
4258.041,0.232
4258.1478,0.653
4258.3156,0.356
4258.3279,0.284
4258.6112,0.434
4258.9513,0.242
4259.946,0.165
4259.9988,0.594
4260.0812,0.454
4260.135,0.576
4260.4736,0.847
4260.7276,0.306
4261.913,0.658
4262.3393,0.242
4263.1323,0.217
4263.138,0.272
4264.2032,0.49
4264.7408,0.271
4265.2683,0.183
4265.918,0.403
4266.9641,0.573
4267.8262,0.657
4268.7485,0.488
4269.277,0.388
4269.8738,0.213
4271.153,0.811
4271.7599,0.88
4273.32,0.691
4273.8675,0.615
4274.5828,0.176
4274.812,0.834
4275.567,0.611
4275.6978,0.152
4276.6742,0.432
4278.1514,0.459
4278.2299,0.349
4279.4877,0.291
4279.8684,0.255
4280.403,0.201
4280.5349,0.241
4281.0902,0.291
4282.4025,0.796
4282.698,0.151
4283.0105,0.741
4284.188,0.559
4284.6748,0.209
4285.4414,0.629
4285.8225,0.223
4286.004,0.326
4286.4318,0.189
4286.863,0.319
4286.9829,0.28
4287.4026,0.314
4287.871,0.231
4287.8721,0.237
4287.8734,0.731
4287.8743,0.299
4287.8756,0.325
4287.9396,0.205
4287.9946,0.536
4288.1454,0.443
4288.9547,0.322
4289.0697,0.372
4289.3667,0.731
4289.73,0.821
4289.9149,0.461
4289.9318,0.17
4290.2043,0.711
4290.2098,0.701
4290.2151,0.834
4290.2203,0.664
4290.2253,0.658
4290.3484,0.464
4290.3788,0.527
4290.4276,0.206
4290.8641,0.365
4290.9289,0.304
4291.4629,0.533
4292.117,0.182
4292.2844,0.285
4294.0371,0.394
4294.0911,0.661
4294.0922,0.667
4294.0937,0.836
4294.0948,0.703
4294.0963,0.713
4294.1243,0.821
4294.767,0.573
4294.9067,0.158
4295.7492,0.3
4295.883,0.284
4296.5656,0.746
4297.732,0.186
4298.0364,0.608
4298.6657,0.484
4298.9883,0.716
4299.234,0.806
4299.2393,0.65
4299.6286,0.269
4300.0315,0.772
4300.0373,0.762
4300.0428,0.863
4300.0484,0.746
4300.0535,0.744
4300.2035,0.156
4300.5537,0.574
4300.8239,0.396
4301.0786,0.606
4301.9117,0.614
4301.9175,0.597
4301.9228,0.8
4301.9282,0.536
4301.9332,0.526
4302.1855,0.508
4302.528,0.776
4303.17,0.789
4303.57,0.29
4304.5402,0.373
4304.8684,0.152
4305.206,0.159
4305.4434,0.636
4305.45,0.636
4305.714,0.611
4305.9073,0.671
4307.7438,0.728
4307.8549,0.647
4307.8606,0.631
4307.8658,0.81
4307.8712,0.58
4307.876,0.572
4307.9016,0.878
4309.0302,0.543
4309.374,0.673
4309.4537,0.615
4309.6215,0.678
4309.7131,0.298
4310.3716,0.254
4312.354,0.301
4312.8489,0.636
4312.8549,0.62
4312.8607,0.805
4312.8661,0.566
4312.8713,0.556
4314.083,0.826
4314.302,0.616
4314.7997,0.3
4314.9599,0.63
4314.9659,0.615
4314.9715,0.804
4314.9767,0.558
4314.9817,0.547
4315.0843,0.775
4316.7943,0.528
4318.6315,0.161
4318.6516,0.735
4320.732,0.809
4320.9394,0.245
4320.945,0.227
4320.9504,0.695
4320.9558,0.174
4320.9607,0.168
4321.7859,0.425
4324.996,0.791
4325.0406,0.162
4325.5998,0.293
4325.6131,0.273
4325.7615,0.878
4325.94,0.344
4326.7528,0.427
4327.0954,0.65
4327.9033,0.379
4330.2378,0.519
4330.6867,0.171
4330.6927,0.159
4330.6985,0.635
4330.8019,0.202
4330.9516,0.165
4331.645,0.237
4333.75,0.35
4334.0764,0.164
4337.0453,0.759
4337.2384,0.297
4337.2662,0.189
4337.557,0.602
4337.9119,0.648
4337.9131,0.654
4337.9144,0.829
4337.9153,0.693
4337.9167,0.702
4338.2478,0.282
4338.6959,0.248
4339.399,0.659
4339.446,0.67
4339.71,0.484
4340.462,0.794
4341.345,0.239
4341.3506,0.227
4341.3561,0.693
4341.3614,0.174
4341.3665,0.168
4343.2152,0.531
4343.2707,0.433
4343.697,0.465
4343.9807,0.164
4344.2782,0.18
4344.2794,0.187
4344.2809,0.701
4344.282,0.235
4344.2833,0.265
4344.4989,0.48
4344.501,0.691
4344.886,0.375
4346.5522,0.39
4347.8326,0.295
4348.9365,0.293
4350.8378,0.476
4351.049,0.461
4351.5436,0.517
4351.7618,0.835
4351.762,0.71
4351.8378,0.151
4351.9056,0.725
4352.7344,0.737
4354.528,0.221
4354.598,0.421
4355.0789,0.571
4357.0799,0.217
4357.5733,0.151
4358.4991,0.545
4358.7241,0.412
4358.9022,0.196
4359.5772,0.307
4359.624,0.536
4359.73,0.285
4360.7636,0.278
4360.8032,0.191
4362.0994,0.214
4363.128,0.158
4365.8962,0.244
4367.578,0.639
4367.6412,0.202
4367.6471,0.186
4367.6526,0.638
4367.9032,0.495
4369.4001,0.587
4369.7716,0.706
4370.948,0.19
4371.227,0.591
4371.275,0.529
4371.367,0.249
4373.5604,0.462
4374.1356,0.155
4374.154,0.154
4374.457,0.78
4374.8167,0.542
4374.9329,0.797
4375.9293,0.766
4375.986,0.318
4376.7724,0.203
4377.2805,0.28
4377.7906,0.15
4378.9705,0.168
4379.2304,0.527
4379.742,0.254
4382.7676,0.521
4383.5444,0.887
4384.313,0.587
4384.5352,0.243
4384.6718,0.277
4384.713,0.445
4384.814,0.467
4384.975,0.435
4385.3769,0.76
4386.8352,0.168
4386.8413,0.153
4386.8475,0.602
4387.8907,0.562
4388.4066,0.655
4389.2441,0.244
4389.9793,0.329
4390.4477,0.155
4390.572,0.163
4390.9503,0.577
4391.0259,0.577
4393.2687,0.212
4394.0535,0.277
4394.0562,0.256
4394.0587,0.7
4394.0612,0.203
4394.0635,0.195
4395.0283,0.739
4395.0296,0.738
4395.031,0.861
4395.0325,0.757
4395.0339,0.767
4395.2233,0.209
4395.2739,0.204
4395.8394,0.69
4398.0103,0.596
4398.2892,0.307
4399.7597,0.581
4399.7626,0.563
4399.7653,0.782
4399.7679,0.489
4399.7704,0.48
4400.389,0.769
4400.8625,0.156
4401.2896,0.608
4401.4425,0.354
4401.5408,0.685
4404.7498,0.867
4407.6338,0.2
4407.6566,0.234
4407.6728,0.409
4407.7085,0.638
4408.1958,0.21
4408.4131,0.67
4408.5162,0.174
4409.1189,0.162
4409.2354,0.301
4409.5176,0.428
4410.5236,0.203
4411.0719,0.565
4411.9297,0.401
4413.3953,0.196
4413.5912,0.582
4414.4608,0.215
4414.8764,0.417
4415.1221,0.837
4415.557,0.749
4416.8186,0.786
4417.702,0.605
4417.708,0.589
4417.7137,0.789
4417.7193,0.529
4417.7246,0.522
4418.3307,0.674
4421.9378,0.562
4422.5677,0.683
4422.5845,0.447
4422.773,0.333
4423.1406,0.152
4423.2279,0.187
4423.8408,0.296
4424.1873,0.201
4424.278,0.189
4425.437,0.701
4427.0975,0.358
4427.2981,0.577
4427.3094,0.767
4429.91,0.199
4430.1886,0.489
4430.6135,0.682
4431.352,0.241
4432.0959,0.18
4432.5674,0.335
4433.2182,0.638
4433.7817,0.497
4434.957,0.736
4435.1484,0.322
4435.679,0.68
4436.3474,0.405
4436.9204,0.275
4436.9745,0.296
4438.3424,0.276
4439.8808,0.174
4440.8239,0.2
4441.0026,0.195
4441.0862,0.187
4441.7283,0.578
4442.3386,0.732
4442.831,0.275
4442.992,0.241
4443.1937,0.688
4443.1953,0.373
4443.7983,0.701
4443.7994,0.704
4443.8008,0.842
4443.802,0.728
4443.803,0.735
4444.5543,0.593
4446.8319,0.445
4447.1298,0.303
4447.7168,0.719
4447.8027,0.266
4449.1424,0.316
4450.3155,0.314
4450.4792,0.357
4450.4805,0.361
4450.4821,0.754
4450.4835,0.455
4450.4849,0.486
4450.8939,0.254
4451.5408,0.167
4451.56,0.158
4451.5806,0.615
4452.9992,0.279
4453.3128,0.257
4453.3189,0.218
4453.6987,0.174
4454.3807,0.654
4454.779,0.757
4454.795,0.163
4455.0038,0.266
4455.0268,0.477
4455.3058,0.333
4455.3167,0.304
4455.8096,0.219
4455.887,0.676
4456.3254,0.257
4456.616,0.319
4456.628,0.193
4457.0345,0.199
4457.4268,0.392
4457.5387,0.427
4458.08,0.481
4458.2476,0.499
4458.543,0.177
4459.0329,0.628
4459.117,0.73
4459.3521,0.493
4460.207,0.183
4461.0778,0.281
4461.1954,0.449
4461.4289,0.27
4461.6523,0.727
4461.9682,0.515
4461.9941,0.23
4462.0148,0.587
4462.4548,0.479
4463.4037,0.211
4464.4368,0.281
4464.4432,0.259
4464.449,0.695
4464.4548,0.203
4464.4603,0.198
4464.6725,0.49
4464.7656,0.352
4466.551,0.737
4466.5721,0.256
4466.9373,0.32
4468.4813,0.737
4468.4873,0.731
4468.4929,0.845
4468.4985,0.713
4468.5037,0.71
4469.1513,0.43
4469.3753,0.668
4470.1319,0.303
4470.4772,0.58
4470.8494,0.677
4472.7049,0.151
4472.7875,0.232
4472.9228,0.576
4476.0184,0.712
4476.0753,0.7
4479.5979,0.207
4479.6145,0.225
4479.962,0.213
4480.1365,0.373
4480.8174,0.273
4481.126,0.662
4481.15,0.405
4481.2591,0.234
4481.325,0.644
4481.6089,0.387
4482.1691,0.679
4482.2523,0.699
4482.7389,0.44
4484.2198,0.61
4485.6755,0.552
4487.356,0.153
4488.1331,0.264
4488.3232,0.599
4488.3307,0.164
4488.3387,0.179
4488.9057,0.202
4489.1758,0.704
4489.7387,0.544
4490.0732,0.263
4490.0839,0.547
4490.7596,0.467
4490.811,0.161
4491.3971,0.738
4492.6782,0.18
4493.5219,0.336
4494.5628,0.739
4495.9524,0.246
4496.852,0.578
4496.962,0.3
4498.8915,0.351
4499.1352,0.167
4500.278,0.179
4501.2581,0.716
4501.2643,0.706
4501.27,0.83
4501.2757,0.682
4501.2812,0.675
4502.2128,0.357
4504.8304,0.153
4508.2803,0.786
4509.7346,0.267
4511.891,0.178
4512.7338,0.293
4514.1839,0.306
4514.4148,0.242
4515.333,0.765
4517.5238,0.409
4518.022,0.369
4518.3317,0.506
4520.2182,0.751
4522.37,0.342
4522.6276,0.807
4522.797,0.366
4524.6798,0.344
4524.925,0.154
4525.1364,0.693
4526.3981,0.46
4526.454,0.463
4526.5606,0.262
4526.928,0.525
4527.3041,0.279
4528.4829,0.272
4528.6136,0.766
4528.7565,0.247
4529.4798,0.649
4529.5498,0.451
4529.6715,0.387
4530.738,0.404
4530.9493,0.273
4531.1477,0.691
4531.6254,0.158
4533.1261,0.273
4533.2394,0.652
4533.9538,0.73
4533.9571,0.723
4533.96,0.836
4533.9628,0.701
4533.9655,0.698
4534.1601,0.626
4534.776,0.617
4534.9534,0.165
4535.5686,0.56
4535.6272,0.291
4535.696,0.316
4535.9176,0.484
4536.0402,0.442
4538.8361,0.175
4539.595,0.175
4540.498,0.266
4540.704,0.326
4541.5156,0.72
4543.8597,0.201
4544.0171,0.409
4544.612,0.24
4544.687,0.276
4545.1331,0.458
4545.953,0.489
4546.9267,0.41
4547.8467,0.578
4548.7635,0.359
4549.1944,0.283
4549.4654,0.278
4549.4662,0.806
4549.6217,0.842
4549.8128,0.57
4552.1463,0.174
4552.2924,0.298
4552.4533,0.363
4554.0311,0.721
4554.0316,0.756
4554.0319,0.609
4554.0323,0.733
4554.0336,0.842
4554.988,0.595
4555.082,0.219
4555.4828,0.285
4555.8868,0.793
4556.1258,0.614
4558.65,0.731
4560.0881,0.178
4561.198,0.199
4561.4132,0.192
4562.359,0.153
4563.7523,0.704
4563.7554,0.696
4563.7583,0.821
4563.7612,0.669
4563.7639,0.665
4564.5771,0.204
4565.4106,0.153
4565.504,0.165
4565.6615,0.168
4565.74,0.402
4566.8649,0.375
4566.9885,0.176
4568.322,0.196
4571.0956,0.302
4571.671,0.167
4571.9591,0.714
4571.9658,0.707
4571.9717,0.824
4571.9777,0.683
4571.9834,0.679
4574.7172,0.171
4576.3329,0.699
4578.551,0.522
4580.048,0.324
4580.0531,0.507
4580.4365,0.349
4581.3949,0.572
4581.4672,0.199
4581.5077,0.343
4581.5955,0.154
4582.8296,0.672
4583.4091,0.281
4583.7193,0.188
4583.8292,0.819
4583.9912,0.191
4584.5967,0.533
4584.7159,0.242
4584.8187,0.393
4585.8654,0.604
4585.9639,0.198
4587.1273,0.26
4588.199,0.707
4589.9468,0.724
4590.7884,0.261
4590.9448,0.191
4591.391,0.275
4591.5116,0.179
4592.049,0.606
4592.5262,0.511
4592.6509,0.627
4594.8878,0.155
4595.3581,0.358
4595.5893,0.154
4596.0598,0.44
4597.7472,0.176
4597.8715,0.272
4598.1166,0.462
4599.8401,0.232
4600.1697,0.159
4600.3589,0.389
4600.749,0.513
4602.0005,0.319
4602.9405,0.676
4604.5562,0.252
4604.9875,0.562
4605.5871,0.261
4607.331,0.226
4607.6462,0.505
4611.2786,0.655
4613.2024,0.41
4613.357,0.32
4616.124,0.537
4616.629,0.566
4617.2688,0.353
4618.7572,0.188
4618.803,0.674
4619.288,0.526
4620.5128,0.641
4621.9996,0.289
4622.449,0.156
4623.0972,0.226
4624.081,0.241
4625.0448,0.549
4626.174,0.491
4627.383,0.265
4629.29,0.589
4629.331,0.771
4630.1196,0.336
4632.8197,0.318
4632.9112,0.461
4634.07,0.648
4634.713,0.155
4635.3169,0.349
4635.8461,0.239
4637.5029,0.521
4637.76,0.182
4638.0095,0.524
4639.3627,0.154
4641.208,0.342
4643.4633,0.501
4646.162,0.637
4647.4339,0.603
4648.652,0.601
4648.933,0.183
4651.284,0.422
4652.157,0.575
4654.4976,0.526
4654.605,0.536
4654.6311,0.482
4656.4692,0.197
4656.9761,0.515
4657.2005,0.553
4661.5344,0.152
4663.704,0.39
4663.816,0.152
4664.781,0.175
4665.2544,0.168
4666.478,0.158
4666.6038,0.35
4666.7495,0.607
4666.9859,0.155
4667.4531,0.608
4667.5844,0.249
4667.7563,0.165
4668.0613,0.381
4668.1339,0.575
4668.5595,0.193
4669.1492,0.251
4669.1711,0.477
4670.1698,0.428
4670.407,0.585
4672.3211,0.438
4673.1635,0.527
4673.27,0.462
4674.081,0.378
4675.0934,0.246
4678.8455,0.592
4679.22,0.165
4680.134,0.388
4681.9089,0.291
4682.1115,0.152
4682.3237,0.194
4683.5597,0.252
4685.268,0.305
4686.2131,0.395
4690.1375,0.256
4691.4114,0.549
4694.1126,0.205
4698.46,0.239
4698.6546,0.171
4700.1576,0.321
4701.0447,0.175
4701.5297,0.301
4702.9909,0.698
4703.8068,0.409
4704.9476,0.301
4707.2738,0.602
4707.4875,0.254
4708.013,0.317
4708.6626,0.528
4709.0876,0.529
4709.71,0.292
4710.2833,0.514
4712.0561,0.151
4714.3684,0.204
4714.4173,0.652
4715.7617,0.509
4717.5677,0.162
4718.419,0.394
4722.153,0.559
4727.3946,0.48
4727.46,0.297
4728.5456,0.485
4729.0192,0.16
4730.0286,0.238
4730.71,0.226
4731.4476,0.664
4731.4901,0.369
4731.7978,0.189
4732.4566,0.219
4733.5911,0.463
4735.8428,0.264
4736.7726,0.651
4737.348,0.258
4737.6346,0.157
4739.09,0.224
4740.4657,0.262
4741.5292,0.509
4744.3838,0.361
4745.7996,0.449
4752.4198,0.36
4752.4215,0.231
4754.04,0.607
4754.7624,0.192
4755.7011,0.152
4756.1117,0.345
4756.5153,0.537
4757.578,0.229
4758.1178,0.202
4759.2696,0.232
4761.51,0.375
4762.37,0.582
4762.533,0.15
4762.778,0.295
4763.8833,0.506
4763.9441,0.29
4764.5244,0.338
4765.2448,0.382
4765.85,0.459
4766.42,0.527
4768.3201,0.48
4768.396,0.241
4771.742,0.319
4772.803,0.478
4772.8303,0.249
4775.898,0.164
4779.4389,0.198
4779.9793,0.642
4783.43,0.622
4786.5354,0.568
4786.8067,0.506
4788.7564,0.375
4789.335,0.358
4789.6507,0.564
4792.3238,0.291
4792.5092,0.159
4797.034,0.195
4798.2646,0.296
4798.5313,0.43
4800.6485,0.387
4801.0245,0.233
4802.8797,0.339
4805.0928,0.687
4806.9872,0.328
4810.528,0.588
4812.337,0.394
4813.4764,0.154
4823.304,0.171
4823.52,0.63
4824.127,0.662
4829.0205,0.251
4829.025,0.445
4829.372,0.268
4831.1757,0.487
4832.7273,0.236
4835.8671,0.181
4836.229,0.395
4838.5112,0.221
4838.6433,0.248
4839.5442,0.331
4840.2521,0.197
4840.321,0.213
4840.8736,0.246
4842.7874,0.168
4843.1428,0.272
4844.0132,0.153
4848.235,0.631
4849.1676,0.251
4854.8611,0.514
4855.4081,0.411
4855.413,0.543
4855.5411,0.183
4855.6727,0.322
4855.9041,0.248
4856.0102,0.207
4856.186,0.301
4857.374,0.245
4857.3924,0.331
4859.7414,0.675
4860.202,0.348
4861.323,0.772
4861.841,0.184
4862.598,0.17
4863.6434,0.354
4864.326,0.589
4865.6103,0.395
4866.2711,0.529
4867.8695,0.239
4868.2595,0.182
4870.1245,0.179
4870.797,0.307
4870.8309,0.346
4871.269,0.273
4871.3177,0.717
4871.9278,0.194
4872.1372,0.694
4873.4422,0.438
4874.0093,0.495
4875.8768,0.219
4876.399,0.565
4876.41,0.563
4876.473,0.398
4878.126,0.578
4878.2106,0.657
4881.7173,0.345
4882.1429,0.364
4883.6821,0.632
4884.607,0.318
4885.0794,0.281
4885.4301,0.461
4886.331,0.513
4886.9837,0.153
4887.012,0.348
4887.1931,0.435
4888.6361,0.509
4889.0007,0.432
4889.1018,0.388
4890.7548,0.711
4891.1463,0.202
4891.4919,0.739
4892.8586,0.231
4893.8126,0.223
4899.9087,0.236
4899.929,0.179
4900.1189,0.6
4902.2322,0.216
4903.3096,0.65
4904.4085,0.327
4904.4143,0.49
4907.32,0.153
4907.7315,0.262
4909.3831,0.327
4910.0163,0.464
4910.3248,0.543
4910.5643,0.544
4911.1944,0.554
4912.018,0.222
4913.6134,0.207
4913.973,0.374
4913.9748,0.23
4917.2294,0.29
4918.012,0.206
4918.3631,0.195
4918.3645,0.382
4918.9538,0.514
4918.9935,0.714
4920.5021,0.754
4921.78,0.156
4922.265,0.457
4923.9076,0.161
4923.9212,0.827
4924.7692,0.485
4925.5634,0.267
4927.8634,0.454
4930.3148,0.366
4932.049,0.327
4933.2923,0.157
4933.3407,0.426
4934.0047,0.517
4934.0744,0.612
4934.0751,0.667
4934.0755,0.429
4934.0758,0.633
4934.0773,0.782
4935.8305,0.367
4936.335,0.185
4937.34,0.2
4937.3528,0.389
4938.1733,0.45
4938.8137,0.624
4939.2354,0.264
4939.2407,0.443
4939.6861,0.507
4942.4584,0.181
4945.4445,0.35
4946.3871,0.532
4947.6069,0.204
4950.1052,0.343
4953.2081,0.328
4954.806,0.215
4957.2978,0.704
4957.596,0.765
4957.6818,0.396
4962.5711,0.288
4966.0881,0.593
4967.8966,0.527
4968.3916,0.168
4968.6978,0.209
4969.9168,0.462
4970.4958,0.224
4971.3457,0.29
4971.5905,0.268
4973.1014,0.453
4978.5414,0.221
4978.6027,0.471
4978.6912,0.403
4980.166,0.407
4980.178,0.532
4981.7304,0.609
4982.4989,0.639
4982.8134,0.332
4983.2499,0.598
4983.8521,0.619
4984.1163,0.579
4985.2526,0.559
4985.5465,0.584
4986.2221,0.193
4988.9493,0.421
4991.0659,0.59
4991.2675,0.482
4993.3502,0.5
4993.6794,0.165
4994.129,0.568
4997.9618,0.186
4998.2242,0.32
4999.5029,0.564
5000.2109,0.197
5000.3381,0.174
5000.3457,0.362
5001.479,0.312
5001.863,0.643
5001.8645,0.155
5002.5829,0.313
5002.7919,0.391
5004.0432,0.193
5005.1671,0.203
5005.712,0.646
5006.0594,0.396
5006.1183,0.677
5007.2093,0.528
5007.274,0.59
5010.0226,0.152
5010.2088,0.262
5010.2688,0.154
5010.9412,0.24
5012.0676,0.651
5012.1566,0.376
5012.4405,0.326
5012.4426,0.369
5013.6864,0.471
5014.1861,0.174
5014.2198,0.236
5014.2761,0.487
5014.9422,0.595
5016.1608,0.235
5016.8808,0.312
5017.576,0.553
5018.2815,0.42
5018.4356,0.826
5019.971,0.389
5020.0263,0.305
5021.5894,0.372
5021.6812,0.17
5022.2352,0.55
5022.7891,0.243
5022.8678,0.314
5024.8443,0.222
5025.5696,0.163
5027.1222,0.567
5027.2254,0.174
5027.7563,0.22
5028.1258,0.493
5029.6175,0.18
5031.021,0.61
5034.4594,0.335
5035.358,0.467
5035.365,0.565
5035.9029,0.342
5035.9659,0.291
5035.9758,0.458
5036.2682,0.32
5036.4639,0.31
5038.3978,0.255
5038.5908,0.359
5039.057,0.204
5039.2511,0.397
5039.9574,0.212
5040.8517,0.478
5040.9061,0.514
5041.0238,0.166
5041.0713,0.55
5041.618,0.494
5041.7554,0.629
5041.8485,0.389
5042.1884,0.274
5044.2106,0.378
5048.0572,0.23
5048.4355,0.42
5048.847,0.433
5048.8496,0.304
5049.8192,0.647
5051.5122,0.203
5051.6342,0.616
5052.167,0.424
5054.6423,0.162
5055.9841,0.261
5060.0354,0.258
5064.6525,0.321
5064.9519,0.227
5065.0174,0.593
5065.1924,0.325
5067.149,0.365
5068.7655,0.608
5069.0901,0.15
5072.0778,0.446
5072.2862,0.403
5072.6715,0.412
5074.7475,0.566
5076.2637,0.398
5078.974,0.538
5079.2222,0.539
5079.7394,0.498
5080.527,0.465
5080.537,0.561
5081.1064,0.409
5081.1103,0.583
5081.113,0.526
5082.3463,0.291
5083.338,0.576
5084.091,0.36
5084.0989,0.496
5087.419,0.538
5090.7726,0.523
5096.8629,0.19
5096.9972,0.544
5097.4821,0.269
5098.5722,0.499
5098.6981,0.551
5099.0767,0.313
5099.3202,0.403
5099.925,0.234
5099.9341,0.412
5100.6549,0.256
5105.543,0.233
5107.4471,0.537
5107.6405,0.579
5108.3966,0.155
5109.6514,0.331
5110.358,0.408
5110.4128,0.581
5115.3922,0.466
5120.3438,0.215
5121.6386,0.401
5123.2105,0.269
5123.7196,0.536
5125.1163,0.571
5125.236,0.235
5126.1922,0.305
5126.8157,0.24
5126.8317,0.413
5127.3587,0.488
5129.1563,0.617
5129.3749,0.246
5131.4678,0.384
5131.7743,0.194
5132.6613,0.351
5133.6876,0.613
5136.795,0.198
5137.062,0.189
5137.082,0.376
5137.3813,0.533
5139.2503,0.634
5139.462,0.667
5141.7384,0.513
5142.4935,0.418
5142.5401,0.536
5142.771,0.278
5142.7799,0.442
5142.9282,0.544
5142.9347,0.307
5145.0937,0.22
5146.1178,0.289
5146.4766,0.36
5146.4856,0.493
5148.0419,0.531
5148.2283,0.548
5150.8389,0.555
5151.9105,0.453
5153.4974,0.175
5154.0681,0.59
5154.1002,0.164
5154.4011,0.205
5155.1259,0.272
5155.1289,0.168
5155.7639,0.497
5159.057,0.395
5162.272,0.595
5165.4098,0.526
5166.2816,0.435
5167.3216,0.747
5167.4879,0.741
5168.649,0.159
5168.666,0.327
5168.8972,0.504
5169.0282,0.813
5170.7558,0.319
5171.596,0.671
5171.6717,0.156
5172.6843,0.782
5173.743,0.286
5176.5603,0.383
5176.5633,0.253
5180.055,0.166
5183.6042,0.795
5184.2657,0.326
5184.5627,0.201
5185.9019,0.598
5187.9141,0.21
5188.6871,0.702
5188.844,0.525
5191.4541,0.647
5192.3433,0.666
5192.9685,0.335
5194.9411,0.622
5195.4714,0.572
5196.0585,0.494
5197.5675,0.699
5198.7105,0.506
5200.4097,0.405
5202.2553,0.498
5202.3354,0.577
5204.498,0.664
5204.5825,0.329
5205.7224,0.488
5206.023,0.687
5208.409,0.702
5208.5936,0.578
5210.3842,0.385
5211.5302,0.415
5215.18,0.578
5216.2737,0.605
5217.389,0.553
5217.9189,0.227
5218.1975,0.233
5223.1824,0.203
5224.925,0.201
5226.539,0.671
5226.8612,0.643
5227.1495,0.613
5227.1889,0.718
5228.3753,0.217
5229.8446,0.559
5229.8654,0.533
5232.9397,0.704
5234.6226,0.681
5235.3867,0.431
5236.2016,0.158
5237.3219,0.508
5239.813,0.452
5242.4905,0.499
5243.7757,0.265
5245.6253,0.459
5246.768,0.19
5247.565,0.335
5249.437,0.176
5250.6453,0.494
5253.4617,0.405
5254.92,0.46
5256.9319,0.218
5259.0937,0.4
5261.704,0.484
5262.1418,0.405
5262.241,0.508
5263.3059,0.571
5264.153,0.463
5264.237,0.485
5264.8024,0.524
5265.556,0.567
5265.714,0.268
5266.5542,0.661
5268.6081,0.32
5269.5365,0.767
5270.27,0.602
5270.356,0.698
5272.399,0.15
5273.1632,0.548
5273.3727,0.425
5273.6239,0.215
5274.9748,0.441
5275.2749,0.245
5275.747,0.343
5275.9968,0.714
5276.067,0.327
5277.3052,0.258
5279.8772,0.222
5280.3608,0.186
5281.7894,0.603
5283.6207,0.63
5284.103,0.61
5288.5247,0.297
5292.5981,0.255
5296.691,0.419
5297.376,0.407
5298.014,0.329
5298.271,0.49
5298.49,0.208
5300.745,0.158
5302.3,0.587
5305.8644,0.284
5307.224,0.173
5307.3604,0.382
5308.4212,0.248
5313.5808,0.359
5316.6087,0.726
5316.7812,0.596
5321.1073,0.287
5322.0404,0.215
5324.1784,0.665
5325.5523,0.52
5328.038,0.745
5328.0389,0.408
5328.323,0.484
5328.531,0.64
5329.138,0.32
5329.9891,0.308
5332.8994,0.467
5334.8681,0.34
5336.7862,0.594
5337.722,0.271
5337.783,0.152
5339.929,0.598
5341.0234,0.622
5341.0528,0.155
5343.4382,0.299
5345.796,0.529
5348.314,0.46
5349.465,0.501
5349.737,0.166
5353.3735,0.421
5362.8613,0.618
5364.8703,0.571
5365.3984,0.488
5367.4653,0.601
5369.9607,0.616
5371.4359,0.194
5371.489,0.722
5373.7082,0.312
5379.5734,0.291
5380.337,0.306
5381.0217,0.508
5382.2631,0.187
5383.368,0.632
5389.4782,0.464
5391.4588,0.422
5393.167,0.585
5396.5609,0.172
5397.1273,0.688
5397.1981,0.174
5398.2785,0.382
5400.5006,0.52
5403.8215,0.361
5404.1168,0.585
5404.1507,0.605
5405.7743,0.695
5407.604,0.286
5409.1326,0.169
5409.784,0.57
5410.9092,0.585
5414.0698,0.379
5415.1983,0.622
5418.7678,0.445
5420.922,0.181
5424.0672,0.614
5425.2485,0.508
5429.5032,0.331
5429.6961,0.693
5429.8412,0.25
5432.9475,0.246
5432.962,0.369
5434.5232,0.659
5436.5875,0.163
5445.0414,0.537
5446.582,0.483
5446.8722,0.319
5446.9161,0.685
5455.3885,0.347
5455.4534,0.59
5455.6089,0.662
5462.9591,0.505
5463.275,0.548
5464.2795,0.193
5466.3952,0.408
5473.9004,0.421
5476.2885,0.376
5476.5642,0.502
5476.903,0.6
5476.907,0.536
5476.912,0.249
5478.3735,0.242
5480.8601,0.232
5481.2427,0.269
5481.438,0.165
5483.0984,0.189
5487.74,0.438
5487.7445,0.492
5490.6928,0.21
5493.3216,0.238
5497.5157,0.551
5501.4646,0.52
5502.0853,0.184
5505.7331,0.258
5505.8807,0.155
5506.7784,0.563
5509.8948,0.186
5512.98,0.405
5519.5696,0.265
5525.117,0.189
5525.5433,0.291
5526.79,0.573
5528.4047,0.611
5534.838,0.579
5535.4178,0.276
5543.1468,0.263
5543.9353,0.272
5546.5051,0.164
5554.8938,0.416
5560.2109,0.19
5562.115,0.449
5562.7052,0.383
5563.5995,0.334
5565.7036,0.458
5566.073,0.26
5567.3907,0.209
5569.6177,0.579
5572.842,0.607
5573.1017,0.209
5576.0888,0.499
5581.965,0.463
5583.9021,0.152
5584.2674,0.278
5586.7552,0.626
5588.749,0.597
5590.114,0.459
5592.146,0.185
5594.462,0.566
5594.6549,0.348
5598.2866,0.409
5598.48,0.542
5600.2241,0.157
5601.277,0.468
5602.7673,0.292
5602.842,0.46
5602.9447,0.523
5615.2962,0.261
5615.6435,0.645
5618.632,0.222
5624.5418,0.538
5625.3168,0.203
5633.9458,0.353
5637.1188,0.155
5638.2617,0.361
5641.001,0.315
5641.4339,0.246
5644.0249,0.33
5645.8325,0.223
5655.1761,0.205
5655.4893,0.294
5655.4928,0.376
5657.896,0.487
5658.361,0.235
5658.5313,0.23
5658.6571,0.232
5658.816,0.532
5662.5158,0.451
5662.9241,0.373
5667.149,0.218
5669.042,0.256
5675.4171,0.232
5679.0229,0.223
5682.1987,0.278
5682.2054,0.171
5682.6333,0.372
5684.202,0.297
5684.484,0.267
5686.5295,0.406
5688.2046,0.436
5690.425,0.192
5694.9833,0.238
5701.5435,0.36
5705.4639,0.165
5705.9918,0.367
5708.3995,0.324
5709.3775,0.494
5709.554,0.197
5711.088,0.41
5712.1309,0.184
5714.1453,0.161
5715.0668,0.282
5717.8322,0.252
5721.0212,0.292
5731.7615,0.199
5752.0312,0.163
5753.1219,0.4
5754.2184,0.192
5754.666,0.156
5762.9918,0.464
5772.146,0.19
5775.0802,0.208
5785.2699,0.19
5787.919,0.182
5790.957,0.295
5791.0169,0.156
5805.2166,0.173
5806.7248,0.187
5813.0814,0.184
5816.3725,0.353
5848.1259,0.183
5853.6742,0.437
5856.0876,0.177
5857.451,0.516
5857.7518,0.233
5859.5856,0.401
5862.3557,0.463
5883.8162,0.255
5889.9509,0.715
5895.9242,0.689
5905.6709,0.283
5914.1113,0.396
5914.2005,0.449
5921.2603,0.297
5927.7883,0.162
5930.1799,0.42
5934.6542,0.326
5948.541,0.35
5952.7176,0.222
5975.347,0.244
5975.3509,0.247
5976.7763,0.3
5983.6795,0.376
5984.8147,0.409
5987.0645,0.334
5988.8377,0.255
5991.3709,0.368
5997.7763,0.186
6003.0107,0.349
6007.9593,0.319
6008.5555,0.388
6013.17,0.16
6013.51,0.249
6016.6047,0.201
6016.67,0.308
6020.168,0.413
6021.82,0.347
6024.0568,0.452
6027.0505,0.31
6046.6934,0.232
6056.0042,0.337
6063.3076,0.165
6065.4814,0.494
6078.4906,0.36
6079.0073,0.151
6084.1017,0.269
6086.2815,0.197
6102.1665,0.339
6102.171,0.294
6102.723,0.482
6103.1846,0.26
6107.3232,0.151
6116.182,0.152
6122.217,0.545
6125.0209,0.151
6127.9058,0.188
6136.6145,0.53
6136.9935,0.181
6137.6909,0.512
6141.7129,0.611
6141.7129,0.433
6141.714,0.378
6141.7143,0.349
6141.7154,0.172
6141.7304,0.309
6142.4832,0.195
6145.0159,0.192
6147.7341,0.391
6149.2459,0.42
6155.1343,0.35
6157.7275,0.252
6160.7471,0.182
6161.297,0.224
6162.173,0.568
6163.755,0.218
6165.3595,0.164
6166.439,0.267
6169.042,0.366
6169.563,0.437
6170.5055,0.322
6173.3339,0.196
6175.3694,0.151
6176.824,0.236
6180.2018,0.164
6191.5572,0.526
6200.3121,0.249
6213.429,0.336
6214.5994,0.299
6215.143,0.199
6215.4281,0.197
6219.2801,0.357
6230.7218,0.526
6232.6399,0.36
6237.3191,0.287
6238.3859,0.406
6243.8146,0.209
6244.4655,0.254
6245.6366,0.285
6246.3176,0.471
6247.5569,0.5
6252.5546,0.485
6254.1876,0.298
6254.2573,0.333
6256.3607,0.298
6265.1319,0.324
6270.223,0.165
6279.753,0.168
6290.7913,0.151
6290.9647,0.236
6297.7922,0.244
6301.4995,0.463
6302.4931,0.412
6314.6419,0.163
6314.6689,0.306
6315.3055,0.238
6317.9887,0.191
6318.0175,0.341
6318.1085,0.295
6322.6846,0.255
6331.9557,0.158
6335.3295,0.421
6336.823,0.432
6343.3081,0.329
6347.1087,0.432
6353.3597,0.277
6353.5188,0.245
6355.0277,0.209
6361.7457,0.352
6362.338,0.159
6369.459,0.211
6370.5744,0.179
6371.3714,0.394
6380.7428,0.179
6383.722,0.203
6393.6,0.51
6399.9999,0.522
6408.017,0.395
6411.6476,0.474
6414.9797,0.208
6416.919,0.421
6419.9483,0.373
6421.3495,0.433
6430.8446,0.453
6432.6757,0.417
6439.075,0.538
6449.808,0.415
6455.598,0.192
6456.3796,0.519
6456.875,0.189
6456.875,0.214
6462.567,0.522
6462.7251,0.302
6469.1917,0.207
6471.662,0.376
6491.5659,0.316
6493.781,0.473
6494.98,0.528
6495.7409,0.153
6496.4652,0.27
6496.8976,0.341
6496.8977,0.555
6496.8988,0.282
6496.8992,0.25
6499.65,0.343
6516.0766,0.459
6518.3653,0.17
6527.2018,0.195
6546.2372,0.44
6559.5642,0.232
6562.797,0.692
6569.2137,0.322
6575.0153,0.155
6587.61,0.231
6592.912,0.453
6593.8691,0.286
6604.601,0.231
6609.1093,0.162
6633.7482,0.255
6643.643,0.213
6663.2311,0.182
6663.4407,0.268
6677.9846,0.461
6713.0455,0.198
6717.681,0.365
6726.6658,0.159
6730.2909,0.223
6748.58,0.157
6748.79,0.204
6750.151,0.223
6757.15,0.274
6767.77,0.197
6772.3149,0.212
6784.8829,0.191
6804.519,0.287
6810.2618,0.187
6828.5912,0.199
6841.3381,0.25
6843.6549,0.214
6855.1606,0.262
6858.1478,0.201
6907.6784,0.234
6916.6795,0.154
6945.2037,0.259
6951.2454,0.215
6963.0158,0.176
6978.397,0.189
6978.8501,0.238
6994.9852,0.16
6998.9299,0.231
